transaction_id,user_id,asset_id,date_key,timestamp,transaction_type,side,quantity,price,gross_value,fee,net_value,status,payment_method,device_type,is_injected_anomaly,injected_typology
TX_E5EDD282515B,USR_07778,XRP,20260801,2026-08-01 07:55:03+05:30,WITHDRAWAL,,812.04921174,51.6706,41959.07,25.0,41934.07,COMPLETED,NEFT,MOBILE_APP,False,
TX_9C31AF1BE739,USR_07933,USDT,20260801,2026-08-01 07:55:15+05:30,TRADE,SELL,82.19686051,89.505,7357.03,11.04,7345.99,COMPLETED,INTERNAL_MATCH,WEB_PORTAL,False,
TX_E293E95748FA,USR_02404,ETH,20260801,2026-08-01 09:14:48+05:30,TRADE,BUY,0.18516786,295989.6559,54807.77,82.21,54889.98,COMPLETED,INTERNAL_MATCH,MOBILE_APP,False,
TX_3795CA48856B,USR_06108,BTC,20260801,2026-08-01 09:38:15+05:30,WITHDRAWAL,,0.00010362,7778168.1452,805.95,25.0,780.95,COMPLETED,ON_CHAIN_TRANSFER,MOBILE_APP,False,
TX_ANO_FAL_8024BCF2,USR_02728,INR,20260801,2026-08-01 09:41:02+05:30,DEPOSIT,,10000.0,1.0,10000.0,0.0,10000.0,FAILED,UPI,MOBILE_APP,True,REPEATED_FAILURES
TX_EE2E92046879,USR_04018,XRP,20260801,2026-08-01 09:47:27+05:30,TRADE,BUY,167.57123785,52.2089,8748.71,13.12,8761.83,COMPLETED,INTERNAL_MATCH,MOBILE_APP,False,
TX_A8025EA556FF,USR_03499,ETH,20260801,2026-08-01 10:14:14+05:30,TRADE,BUY,0.00983777,302040.916,2971.41,4.46,2975.87,COMPLETED,INTERNAL_MATCH,MOBILE_APP,False,
TX_FCBD488A2363,USR_06131,POL,20260801,2026-08-01 10:15:26+05:30,WITHDRAWAL,,920.24277164,47.7321,43925.12,25.0,43900.12,COMPLETED,ON_CHAIN_TRANSFER,MOBILE_APP,False,
TX_040248306A13,USR_07227,ETH,20260801,2026-08-01 10:27:39+05:30,TRADE,SELL,0.08506434,287732.422,24475.77,36.71,24439.06,COMPLETED,INTERNAL_MATCH,API_KEY,False,
TX_AA3AE909F9D3,USR_09907,USDT,20260801,2026-08-01 10:33:10+05:30,TRADE,BUY,50.18116023,89.6444,4498.46,6.75,4505.21,COMPLETED,INTERNAL_MATCH,MOBILE_APP,False,
TX_648CEEDC17CA,USR_03456,BTC,20260801,2026-08-01 10:49:52+05:30,TRADE,BUY,0.00646981,7687274.4994,49735.23,74.6,49809.83,COMPLETED,INTERNAL_MATCH,WEB_PORTAL,False,
TX_CC2EBC61CBFA,USR_06520,POL,20260801,2026-08-01 11:14:38+05:30,TRADE,SELL,1600.93680804,45.7938,73312.98,109.97,73203.01,COMPLETED,INTERNAL_MATCH,MOBILE_APP,False,
TX_3C9821AA072A,USR_08427,SOL,20260801,2026-08-01 12:22:07+05:30,TRADE,BUY,0.43358993,17243.3203,7476.53,11.21,7487.74,COMPLETED,INTERNAL_MATCH,API_KEY,False,
TX_514E2155CD8B,USR_02272,BTC,20260801,2026-08-01 13:50:37+05:30,TRADE,SELL,0.00815211,7670525.7862,62530.98,93.8,62437.18,COMPLETED,INTERNAL_MATCH,MOBILE_APP,False,
TX_6DD8F9F0F8B9,USR_00646,ETH,20260801,2026-08-01 14:28:57+05:30,TRADE,SELL,0.12356832,321338.9895,39707.32,59.56,39647.76,COMPLETED,INTERNAL_MATCH,WEB_PORTAL,False,
TX_A0C4E589D1BB,USR_06765,USDT,20260801,2026-08-01 14:58:25+05:30,TRADE,SELL,3310.59399932,89.3166,295691.0,236.55,295454.45,COMPLETED,INTERNAL_MATCH,API_KEY,False,
TX_ACA90118A0E6,USR_04222,USDT,20260801,2026-08-01 15:20:12+05:30,TRADE,BUY,2.79008515,89.603,250.0,0.38,250.38,COMPLETED,INTERNAL_MATCH,MOBILE_APP,False,
TX_D349F8F3F968,USR_06199,USDT,20260801,2026-08-01 15:22:07+05:30,TRADE,BUY,502.94013821,89.5162,45021.29,67.53,45088.82,COMPLETED,INTERNAL_MATCH,MOBILE_APP,False,
TX_A71B040D5FDA,USR_01913,SOL,20260801,2026-08-01 15:25:32+05:30,DEPOSIT,,3.71829856,16322.1589,60690.66,0.0,60690.66,COMPLETED,UPI,MOBILE_APP,False,
TX_57A9FB35EE06,USR_06035,BTC,20260801,2026-08-01 15:46:54+05:30,TRADE,BUY,0.07262413,7869759.6557,571534.43,457.23,571991.66,COMPLETED,INTERNAL_MATCH,WEB_PORTAL,False,
TX_379E5FA5F682,USR_04632,BTC,20260801,2026-08-01 18:17:17+05:30,TRADE,SELL,0.00647078,7778845.3154,50335.16,75.5,50259.66,COMPLETED,INTERNAL_MATCH,MOBILE_APP,False,
TX_A0CD4779C21F,USR_07818,BTC,20260801,2026-08-01 19:20:48+05:30,TRADE,BUY,0.00489571,7540539.0743,36916.32,55.37,36971.69,COMPLETED,INTERNAL_MATCH,MOBILE_APP,False,
TX_15875BCC9256,USR_00748,SOL,20260801,2026-08-01 20:20:05+05:30,TRADE,BUY,1.33257809,16494.6131,21980.36,32.97,22013.33,COMPLETED,INTERNAL_MATCH,WEB_PORTAL,False,
TX_7A626C08AE75,USR_04116,SOL,20260801,2026-08-01 20:42:11+05:30,TRADE,BUY,2.46507984,15673.9548,38637.55,57.96,38695.51,COMPLETED,INTERNAL_MATCH,MOBILE_APP,False,
TX_755B185D3524,USR_06209,BTC,20260801,2026-08-01 21:48:49+05:30,TRADE,BUY,0.00856576,7835041.5394,67113.11,100.67,67213.78,COMPLETED,INTERNAL_MATCH,MOBILE_APP,False,
TX_6BBBBFE4BF12,USR_08150,POL,20260801,2026-08-01 22:49:22+05:30,TRADE,SELL,134.38090979,46.956,6309.99,9.46,6300.53,COMPLETED,INTERNAL_MATCH,WEB_PORTAL,False,
TX_5AAB31452457,USR_07414,USDT,20260801,2026-08-01 23:35:31+05:30,WITHDRAWAL,,84.88067664,89.4544,7592.95,10.0,7582.95,COMPLETED,ON_CHAIN_TRANSFER,MOBILE_APP,False,
TX_466AE4337C96,USR_03050,ETH,20260801,2026-08-02 00:18:48+05:30,TRADE,BUY,0.23824587,298511.2844,71119.08,106.68,71225.76,COMPLETED,INTERNAL_MATCH,MOBILE_APP,False,
TX_F70EE5316F7B,USR_04168,USDT,20260801,2026-08-02 01:07:08+05:30,TRADE,SELL,481.75277945,89.6131,43171.36,64.76,43106.6,COMPLETED,INTERNAL_MATCH,MOBILE_APP,False,
TX_ADA16D1945AF,USR_06272,BTC,20260801,2026-08-02 01:09:42+05:30,TRADE,SELL,0.00364543,7945841.0676,28965.99,43.45,28922.54,COMPLETED,INTERNAL_MATCH,MOBILE_APP,False,
TX_B426B3D96492,USR_06874,ETH,20260801,2026-08-02 01:46:38+05:30,DEPOSIT,,0.01864655,320494.2042,5976.11,0.0,5976.11,CANCELLED,IMPS,MOBILE_APP,False,
TX_14C607B1EAA1,USR_01482,SOL,20260801,2026-08-02 02:22:41+05:30,DEPOSIT,,0.28022103,16287.4998,4564.1,0.0,4564.1,COMPLETED,NEFT,WEB_PORTAL,False,
TX_FE4B35B802B6,USR_03713,XRP,20260801,2026-08-02 02:42:02+05:30,TRADE,BUY,138.81865793,54.2654,7533.05,11.3,7544.35,COMPLETED,INTERNAL_MATCH,MOBILE_APP,False,
TX_E8CE00968BE1,USR_07889,USDT,20260801,2026-08-02 02:43:59+05:30,TRADE,SELL,459.06789255,89.4811,41077.9,61.62,41016.28,COMPLETED,INTERNAL_MATCH,MOBILE_APP,False,
TX_D43FE559E80B,USR_01693,BTC,20260801,2026-08-02 03:35:27+05:30,TRADE,SELL,0.07168491,7544379.8705,540818.19,432.65,540385.54,COMPLETED,INTERNAL_MATCH,WEB_PORTAL,False,
TX_DFFC7C586063,USR_05365,BTC,20260801,2026-08-02 04:08:57+05:30,TRADE,BUY,0.00266737,8040295.3468,21446.45,32.17,21478.62,COMPLETED,INTERNAL_MATCH,API_KEY,False,
TX_0A25C37E7E2A,USR_04052,ETH,20260801,2026-08-02 04:33:19+05:30,DEPOSIT,,1.42796401,304265.6791,434480.44,0.0,434480.44,COMPLETED,IMPS,API_KEY,False,
TX_5A7FDAC3E725,USR_09045,ETH,20260801,2026-08-02 04:51:38+05:30,TRADE,BUY,0.1601891,294006.4042,47096.62,70.64,47167.26,COMPLETED,INTERNAL_MATCH,MOBILE_APP,False,
TX_320EFC3F4939,USR_07458,USDT,20260801,2026-08-02 05:08:31+05:30,TRADE,SELL,299.74711709,89.5276,26835.64,40.25,26795.39,COMPLETED,INTERNAL_MATCH,WEB_PORTAL,False,
TX_A0C17696A59A,USR_06564,BTC,20260802,2026-08-02 07:23:14+05:30,DEPOSIT,,0.00818411,8031672.0659,65732.07,0.0,65732.07,COMPLETED,IMPS,MOBILE_APP,False,
TX_FF3BBB3C0BF0,USR_03290,POL,20260802,2026-08-02 07:44:13+05:30,DEPOSIT,,685.47938909,48.2948,33105.09,0.0,33105.09,COMPLETED,NEFT,MOBILE_APP,False,
TX_FFF05F22D563,USR_09302,USDT,20260802,2026-08-02 07:46:08+05:30,TRADE,BUY,660.38569828,89.4326,59060.01,88.59,59148.6,COMPLETED,INTERNAL_MATCH,WEB_PORTAL,False,
TX_2611CAABCC12,USR_01301,ETH,20260802,2026-08-02 08:06:07+05:30,TRADE,BUY,0.0136485,307604.4244,4198.34,6.3,4204.64,COMPLETED,INTERNAL_MATCH,MOBILE_APP,False,
TX_79FF9D1B79D6,USR_01840,USDT,20260802,2026-08-02 08:58:50+05:30,TRADE,BUY,69.43784808,89.4011,6207.82,9.31,6217.13,COMPLETED,INTERNAL_MATCH,MOBILE_APP,False,
TX_CE3DE605A120,USR_05964,ETH,20260802,2026-08-02 09:26:04+05:30,DEPOSIT,,0.07610975,322373.6817,24535.78,0.0,24535.78,COMPLETED,NEFT,MOBILE_APP,False,
TX_81433DC4AB7D,USR_03708,BTC,20260802,2026-08-02 09:33:03+05:30,WITHDRAWAL,,0.00773769,7741351.6214,59900.16,25.0,59875.16,COMPLETED,ON_CHAIN_TRANSFER,MOBILE_APP,False,
TX_4FBC16E827D0,USR_02210,SOL,20260802,2026-08-02 09:59:22+05:30,WITHDRAWAL,,1.50567395,16321.1033,24574.26,25.0,24549.26,COMPLETED,NEFT,WEB_PORTAL,False,
TX_6FCDD8E2102C,USR_01862,USDT,20260802,2026-08-02 10:44:06+05:30,TRADE,BUY,321.36839267,89.3647,28718.99,43.08,28762.07,COMPLETED,INTERNAL_MATCH,MOBILE_APP,False,
TX_9C5DAADA4C4D,USR_07999,BTC,20260802,2026-08-02 10:53:22+05:30,DEPOSIT,,0.006492,7785213.6119,50541.59,0.0,50541.59,COMPLETED,IMPS,API_KEY,False,
TX_C41CE36E8232,USR_02804,SOL,20260802,2026-08-02 11:00:19+05:30,TRADE,BUY,3.53320381,16811.9795,59400.15,89.1,59489.25,COMPLETED,INTERNAL_MATCH,MOBILE_APP,False,
TX_440A545A3A6A,USR_01544,SOL,20260802,2026-08-02 12:01:52+05:30,DEPOSIT,,1.35257387,14732.1861,19926.37,0.0,19926.37,COMPLETED,IMPS,MOBILE_APP,False,
TX_9397F953B1EA,USR_03654,ETH,20260802,2026-08-02 13:50:03+05:30,TRADE,BUY,0.01106977,308613.4857,3416.28,5.12,3421.4,COMPLETED,INTERNAL_MATCH,MOBILE_APP,False,
TX_61F68356747F,USR_06617,BTC,20260802,2026-08-02 16:39:07+05:30,DEPOSIT,,0.00658142,7796889.8032,51314.59,0.0,51314.59,COMPLETED,IMPS,API_KEY,False,
TX_8BC05C455A9C,USR_03099,ETH,20260802,2026-08-02 17:23:01+05:30,TRADE,SELL,1.53052442,309281.84,473363.41,378.69,472984.72,COMPLETED,INTERNAL_MATCH,WEB_PORTAL,False,
TX_70399CB99713,USR_00432,BTC,20260802,2026-08-02 17:49:41+05:30,TRADE,SELL,0.00945592,7769022.0621,73463.22,110.19,73353.03,COMPLETED,INTERNAL_MATCH,WEB_PORTAL,False,
TX_E5D25D220128,USR_00943,POL,20260802,2026-08-02 18:07:22+05:30,TRADE,BUY,159.99781017,49.3188,7890.9,11.84,7902.74,COMPLETED,INTERNAL_MATCH,MOBILE_APP,False,
TX_D0A71ACDB7D5,USR_03234,POL,20260802,2026-08-02 18:30:57+05:30,DEPOSIT,,1385.11974787,45.8171,63462.17,0.0,63462.17,COMPLETED,NEFT,MOBILE_APP,False,
TX_08D15B6E3C61,USR_07306,BTC,20260802,2026-08-02 18:35:21+05:30,WITHDRAWAL,,0.00114547,7984754.8121,9146.3,25.0,9121.3,COMPLETED,ON_CHAIN_TRANSFER,WEB_PORTAL,False,
TX_E29479923A30,USR_07694,POL,20260802,2026-08-02 19:03:46+05:30,TRADE,BUY,29.57766413,46.6335,1379.31,2.07,1381.38,COMPLETED,INTERNAL_MATCH,MOBILE_APP,False,
TX_D0C2F6163551,USR_00327,ETH,20260802,2026-08-02 20:25:09+05:30,TRADE,BUY,0.18600941,318439.4248,59232.73,88.85,59321.58,COMPLETED,INTERNAL_MATCH,MOBILE_APP,False,
TX_5F87D5EC0C88,USR_04632,BTC,20260802,2026-08-02 21:18:15+05:30,WITHDRAWAL,,0.00842137,7997521.6801,67350.06,25.0,67325.06,COMPLETED,ON_CHAIN_TRANSFER,MOBILE_APP,False,
TX_5263E11FDFF5,USR_04867,BTC,20260802,2026-08-02 22:42:35+05:30,DEPOSIT,,0.0002534,7713061.9055,1954.52,0.0,1954.52,COMPLETED,IMPS,API_KEY,False,
TX_A972FBF352E5,USR_02293,ETH,20260802,2026-08-02 23:26:01+05:30,TRADE,BUY,0.01395098,308356.0162,4301.87,6.45,4308.32,COMPLETED,INTERNAL_MATCH,WEB_PORTAL,False,
TX_92A38160E69B,USR_00046,USDT,20260802,2026-08-02 23:37:23+05:30,DEPOSIT,,583.90319592,89.583,52307.8,0.0,52307.8,COMPLETED,UPI,MOBILE_APP,False,
TX_D313D729D568,USR_02198,BTC,20260802,2026-08-02 23:51:37+05:30,TRADE,BUY,0.00042456,7617032.8758,3233.92,4.85,3238.77,CANCELLED,INTERNAL_MATCH,MOBILE_APP,False,
TX_5FEFE648B84B,USR_09316,ETH,20260802,2026-08-03 00:48:06+05:30,TRADE,SELL,1.72773134,287876.0082,497372.4,397.9,496974.5,COMPLETED,INTERNAL_MATCH,API_KEY,False,
TX_4F473A403FC9,USR_09160,BTC,20260802,2026-08-03 01:33:25+05:30,TRADE,BUY,0.00739561,7832428.519,57925.6,86.89,58012.49,COMPLETED,INTERNAL_MATCH,MOBILE_APP,False,
TX_F723E551954F,USR_00833,POL,20260802,2026-08-03 02:06:26+05:30,TRADE,BUY,971.59609491,45.7761,44475.88,66.71,44542.59,COMPLETED,INTERNAL_MATCH,MOBILE_APP,False,
TX_EF843AECB310,USR_09231,USDT,20260802,2026-08-03 02:25:38+05:30,TRADE,BUY,484.78192107,89.4699,43373.39,65.06,43438.45,COMPLETED,INTERNAL_MATCH,MOBILE_APP,False,
TX_E856E725A7D7,USR_01031,USDT,20260802,2026-08-03 02:29:32+05:30,DEPOSIT,,358.41168384,89.3953,32040.32,0.0,32040.32,COMPLETED,UPI,MOBILE_APP,False,
TX_649AE1020F88,USR_04781,ETH,20260802,2026-08-03 02:43:43+05:30,WITHDRAWAL,,0.00967263,306367.6182,2963.38,25.0,2938.38,COMPLETED,ON_CHAIN_TRANSFER,MOBILE_APP,False,
TX_456079EB01C7,USR_04116,BTC,20260802,2026-08-03 03:52:02+05:30,TRADE,BUY,0.00615582,7593380.2457,46743.49,70.12,46813.61,COMPLETED,INTERNAL_MATCH,MOBILE_APP,False,
TX_A9B4D981D539,USR_00022,USDT,20260802,2026-08-03 04:57:50+05:30,TRADE,SELL,507.54964578,89.4638,45407.32,68.11,45339.21,COMPLETED,INTERNAL_MATCH,MOBILE_APP,False,
TX_B945D2025396,USR_08403,ETH,20260802,2026-08-03 05:00:28+05:30,TRADE,SELL,0.15183466,281788.8914,42785.32,64.18,42721.14,COMPLETED,INTERNAL_MATCH,MOBILE_APP,False,
TX_ED8B8FF193D9,USR_05883,USDT,20260802,2026-08-03 05:15:28+05:30,WITHDRAWAL,,26.1203912,89.7142,2343.37,10.0,2333.37,COMPLETED,IMPS,MOBILE_APP,False,
TX_7B875F57E1F2,USR_01294,ETH,20260803,2026-08-03 06:23:43+05:30,TRADE,BUY,1.70207942,306080.1414,520972.71,416.78,521389.49,COMPLETED,INTERNAL_MATCH,WEB_PORTAL,False,
TX_C28C4905EF56,USR_07960,SOL,20260803,2026-08-03 06:32:26+05:30,TRADE,SELL,2.30428978,17716.5955,40824.17,61.24,40762.93,COMPLETED,INTERNAL_MATCH,MOBILE_APP,False,
TX_574C33833D98,USR_06443,USDT,20260803,2026-08-03 07:08:31+05:30,WITHDRAWAL,,5334.19861463,89.651,478216.24,10.0,478206.24,COMPLETED,NEFT,WEB_PORTAL,False,
TX_BB3D5E11F06E,USR_06556,BTC,20260803,2026-08-03 07:17:50+05:30,DEPOSIT,,0.00691813,7593099.8033,52530.07,0.0,52530.07,COMPLETED,NEFT,MOBILE_APP,False,
TX_513AA1CA141B,USR_04493,ETH,20260803,2026-08-03 07:32:20+05:30,DEPOSIT,,0.01488333,334956.6672,4985.27,0.0,4985.27,COMPLETED,UPI,API_KEY,False,
TX_6EA7ABC580E4,USR_09987,ETH,20260803,2026-08-03 07:53:09+05:30,TRADE,BUY,0.00086328,289594.7443,250.0,0.38,250.38,COMPLETED,INTERNAL_MATCH,MOBILE_APP,False,
TX_2254B6C0529D,USR_08811,ETH,20260803,2026-08-03 08:06:38+05:30,WITHDRAWAL,,0.13080885,307861.4383,40271.0,25.0,40246.0,COMPLETED,ON_CHAIN_TRANSFER,MOBILE_APP,False,
TX_E1950433C86F,USR_03811,USDT,20260803,2026-08-03 08:52:09+05:30,WITHDRAWAL,,38.86576674,89.6447,3484.11,10.0,3474.11,COMPLETED,ON_CHAIN_TRANSFER,WEB_PORTAL,False,
TX_0DE110F8AAFA,USR_04592,BTC,20260803,2026-08-03 09:41:31+05:30,TRADE,BUY,0.00527284,7988901.3261,42124.23,63.19,42187.42,COMPLETED,INTERNAL_MATCH,WEB_PORTAL,False,
TX_4927C3A42CFF,USR_02287,BTC,20260803,2026-08-03 10:15:22+05:30,TRADE,BUY,0.00085876,7809794.327,6706.73,10.06,6716.79,COMPLETED,INTERNAL_MATCH,MOBILE_APP,False,
TX_2153CF01AE34,USR_04600,USDT,20260803,2026-08-03 11:20:40+05:30,DEPOSIT,,674.81128096,89.3789,60313.89,0.0,60313.89,COMPLETED,NEFT,WEB_PORTAL,False,
TX_DAEA261540BF,USR_07043,BTC,20260803,2026-08-03 11:43:11+05:30,DEPOSIT,,0.00081908,7872702.1994,6448.35,0.0,6448.35,COMPLETED,UPI,MOBILE_APP,False,
TX_10CAB591130C,USR_07658,BTC,20260803,2026-08-03 12:25:20+05:30,TRADE,SELL,0.006516,7687441.4049,50091.34,75.14,50016.2,COMPLETED,INTERNAL_MATCH,MOBILE_APP,False,
TX_30A28194A6BE,USR_07816,POL,20260803,2026-08-03 12:45:34+05:30,TRADE,BUY,633.86202238,46.9337,29749.49,44.62,29794.11,COMPLETED,INTERNAL_MATCH,MOBILE_APP,False,
TX_AAA29E756ECF,USR_00858,ETH,20260803,2026-08-03 13:25:11+05:30,TRADE,BUY,0.12948804,304765.0666,39463.43,59.2,39522.63,COMPLETED,INTERNAL_MATCH,API_KEY,False,
TX_9273B029DCEE,USR_05154,POL,20260803,2026-08-03 13:31:12+05:30,WITHDRAWAL,,619.77067046,44.1548,27365.85,25.0,27340.85,COMPLETED,IMPS,MOBILE_APP,False,
TX_C8F4D580AF2D,USR_02605,SOL,20260803,2026-08-03 14:39:48+05:30,TRADE,SELL,3.70698038,16525.8954,61261.17,91.89,61169.28,COMPLETED,INTERNAL_MATCH,MOBILE_APP,False,
TX_D5EFB60F9F8F,USR_01156,USDT,20260803,2026-08-03 14:47:54+05:30,TRADE,BUY,508.18920157,89.513,45489.54,68.23,45557.77,COMPLETED,INTERNAL_MATCH,MOBILE_APP,False,
TX_971C697E161A,USR_06170,USDT,20260803,2026-08-03 15:30:27+05:30,TRADE,BUY,671.25333488,89.4709,60057.64,90.09,60147.73,COMPLETED,INTERNAL_MATCH,MOBILE_APP,False,
TX_6B24CA909FD9,USR_06424,ETH,20260803,2026-08-03 17:21:19+05:30,TRADE,BUY,0.13258185,293478.0219,38909.86,58.36,38968.22,COMPLETED,INTERNAL_MATCH,MOBILE_APP,False,
TX_8CACA382D808,USR_02819,BTC,20260803,2026-08-03 20:04:35+05:30,TRADE,BUY,0.00489077,8118548.1679,39705.97,59.56,39765.53,COMPLETED,INTERNAL_MATCH,MOBILE_APP,False,
TX_71325CBE7D6D,USR_00841,ETH,20260803,2026-08-03 22:03:47+05:30,WITHDRAWAL,,0.01161077,308675.5074,3583.96,25.0,3558.96,COMPLETED,ON_CHAIN_TRANSFER,MOBILE_APP,False,
TX_39EC2FE2A5EA,USR_09836,ETH,20260803,2026-08-03 22:19:25+05:30,TRADE,SELL,0.01116432,304221.7284,3396.43,5.09,3391.34,COMPLETED,INTERNAL_MATCH,MOBILE_APP,False,
TX_9858BAE8E65E,USR_04542,POL,20260803,2026-08-03 22:50:47+05:30,DEPOSIT,,933.26415702,49.0534,45779.78,0.0,45779.78,COMPLETED,IMPS,MOBILE_APP,False,
TX_ABE58CA54DF0,USR_07796,ETH,20260803,2026-08-03 23:29:19+05:30,TRADE,BUY,0.13634011,312390.1725,42591.31,63.89,42655.2,COMPLETED,INTERNAL_MATCH,MOBILE_APP,False,
TX_616E6CFB670F,USR_00484,ETH,20260803,2026-08-04 01:53:49+05:30,DEPOSIT,,0.00746571,313477.1282,2340.33,0.0,2340.33,COMPLETED,NEFT,MOBILE_APP,False,
TX_58FAD58C88C3,USR_01196,ETH,20260803,2026-08-04 02:17:56+05:30,WITHDRAWAL,,0.01473178,302193.6404,4451.85,25.0,4426.85,COMPLETED,ON_CHAIN_TRANSFER,MOBILE_APP,False,
TX_281D9A2BC81A,USR_03308,ETH,20260803,2026-08-04 02:21:14+05:30,TRADE,BUY,0.15707042,290449.0306,45620.95,68.43,45689.38,COMPLETED,INTERNAL_MATCH,WEB_PORTAL,False,
TX_C3F8712D973F,USR_08780,ETH,20260803,2026-08-04 02:57:36+05:30,TRADE,BUY,0.02059837,296698.6518,6111.51,9.17,6120.68,COMPLETED,INTERNAL_MATCH,WEB_PORTAL,False,
TX_F3949894A981,USR_08376,SOL,20260803,2026-08-04 04:59:16+05:30,TRADE,SELL,38.5272835,17035.682,656338.55,525.07,655813.48,COMPLETED,INTERNAL_MATCH,MOBILE_APP,False,
TX_DA758CE36356,USR_03634,ETH,20260804,2026-08-04 08:43:36+05:30,TRADE,SELL,1.96276371,300873.5578,590543.7,472.43,590071.27,COMPLETED,INTERNAL_MATCH,WEB_PORTAL,False,
TX_F729C928E2B8,USR_07613,ETH,20260804,2026-08-04 11:50:59+05:30,DEPOSIT,,1.22775967,320991.0776,394099.9,0.0,394099.9,COMPLETED,UPI,API_KEY,False,
TX_E59F7A88E7DF,USR_01897,USDT,20260804,2026-08-04 12:11:48+05:30,TRADE,BUY,495.96536893,89.515,44396.34,66.59,44462.93,COMPLETED,INTERNAL_MATCH,MOBILE_APP,False,
TX_A023D7476C9C,USR_03022,POL,20260804,2026-08-04 12:54:09+05:30,DEPOSIT,,656.39187575,48.6297,31920.14,0.0,31920.14,COMPLETED,UPI,MOBILE_APP,False,
TX_56BC79888D7A,USR_02072,ETH,20260804,2026-08-04 13:23:52+05:30,TRADE,SELL,0.09787738,315301.6452,30860.9,46.29,30814.61,CANCELLED,INTERNAL_MATCH,MOBILE_APP,False,
TX_9B677C5EE1AF,USR_07713,ETH,20260804,2026-08-04 13:51:00+05:30,TRADE,BUY,0.21614607,294086.5011,63565.64,95.35,63660.99,COMPLETED,INTERNAL_MATCH,MOBILE_APP,False,
TX_69ECF9F58D08,USR_00252,ETH,20260804,2026-08-04 14:20:17+05:30,WITHDRAWAL,,0.27332707,314014.5664,85828.68,25.0,85803.68,COMPLETED,IMPS,WEB_PORTAL,False,
TX_FDA3C329DC93,USR_05323,BTC,20260804,2026-08-04 15:55:32+05:30,TRADE,BUY,0.00064324,7629326.5633,4907.5,7.36,4914.86,COMPLETED,INTERNAL_MATCH,WEB_PORTAL,False,
TX_2A38B24A2CB0,USR_08021,BTC,20260804,2026-08-04 17:19:46+05:30,DEPOSIT,,0.0036625,7598457.2746,27829.32,0.0,27829.32,COMPLETED,UPI,WEB_PORTAL,False,
TX_EB680C8E8CBF,USR_09760,USDT,20260804,2026-08-04 17:47:46+05:30,DEPOSIT,,659.21954382,89.4605,58974.11,0.0,58974.11,COMPLETED,NEFT,MOBILE_APP,False,
TX_87A91E13853A,USR_04329,USDT,20260804,2026-08-04 20:09:11+05:30,TRADE,SELL,304.31159618,89.7649,27316.5,40.97,27275.53,COMPLETED,INTERNAL_MATCH,MOBILE_APP,False,
TX_C78025CD73C3,USR_02348,BTC,20260804,2026-08-04 21:36:28+05:30,TRADE,SELL,0.04993571,7440617.3742,371552.54,297.24,371255.3,COMPLETED,INTERNAL_MATCH,WEB_PORTAL,False,
TX_43911F6A4B39,USR_03677,BTC,20260804,2026-08-04 22:03:44+05:30,TRADE,SELL,0.0039543,7545272.6908,29836.26,44.75,29791.51,COMPLETED,INTERNAL_MATCH,WEB_PORTAL,False,
TX_CF657531D514,USR_02607,SOL,20260804,2026-08-04 23:26:45+05:30,WITHDRAWAL,,0.41971614,16265.0641,6826.71,25.0,6801.71,COMPLETED,IMPS,WEB_PORTAL,False,
TX_E093B775398E,USR_01531,SOL,20260804,2026-08-04 23:35:17+05:30,WITHDRAWAL,,3.39768662,16323.3889,55461.76,25.0,55436.76,COMPLETED,IMPS,API_KEY,False,
TX_CE862BDEDF5A,USR_03046,ETH,20260804,2026-08-04 23:52:14+05:30,TRADE,SELL,0.01096939,298805.1827,3277.71,4.92,3272.79,COMPLETED,INTERNAL_MATCH,MOBILE_APP,False,
TX_6561777463E8,USR_05099,USDT,20260804,2026-08-05 00:24:15+05:30,TRADE,SELL,198.95367622,89.4465,17795.71,26.69,17769.02,COMPLETED,INTERNAL_MATCH,MOBILE_APP,False,
TX_1420C6C2A52C,USR_01519,ETH,20260804,2026-08-05 01:06:39+05:30,TRADE,BUY,0.20451565,291220.063,59559.06,89.34,59648.4,COMPLETED,INTERNAL_MATCH,WEB_PORTAL,False,
TX_41A9B1127958,USR_00150,POL,20260804,2026-08-05 01:35:30+05:30,WITHDRAWAL,,281.54608261,49.8214,14027.02,25.0,14002.02,COMPLETED,NEFT,API_KEY,False,
TX_58874D1FE76C,USR_03977,ETH,20260804,2026-08-05 02:30:52+05:30,TRADE,BUY,0.17866219,310166.1809,55414.97,83.12,55498.09,COMPLETED,INTERNAL_MATCH,WEB_PORTAL,False,
TX_4638BCC1F874,USR_08438,BTC,20260804,2026-08-05 03:06:11+05:30,WITHDRAWAL,,0.0002494,7699200.3661,1920.21,25.0,1895.21,COMPLETED,NEFT,WEB_PORTAL,False,
TX_7C4CABA183D9,USR_06383,SOL,20260804,2026-08-05 03:25:23+05:30,WITHDRAWAL,,1.37873636,16385.0469,22590.66,25.0,22565.66,COMPLETED,NEFT,MOBILE_APP,False,
TX_8307B32ABC9D,USR_05009,BTC,20260804,2026-08-05 04:03:03+05:30,TRADE,BUY,0.00615864,7673275.7809,47256.96,70.89,47327.85,COMPLETED,INTERNAL_MATCH,MOBILE_APP,False,
TX_9A07D4644FA7,USR_08182,BTC,20260805,2026-08-05 06:26:32+05:30,TRADE,SELL,0.00527022,7908149.6205,41677.72,62.52,41615.2,COMPLETED,INTERNAL_MATCH,MOBILE_APP,False,
TX_ANO_VEL_B31D158A,USR_07060,USDT,20260805,2026-08-05 06:28:58+05:30,TRADE,BUY,100.0,89.5,8950.0,13.42,8963.42,COMPLETED,INTERNAL_MATCH,API_KEY,True,VELOCITY_BURST
TX_4CA673D320A0,USR_05099,ETH,20260805,2026-08-05 06:38:08+05:30,DEPOSIT,,0.11154171,300991.704,33573.13,0.0,33573.13,COMPLETED,NEFT,WEB_PORTAL,False,
TX_57CD0D530683,USR_07373,SOL,20260805,2026-08-05 06:53:06+05:30,WITHDRAWAL,,3.86434673,17387.9946,67193.24,25.0,67168.24,FAILED,ON_CHAIN_TRANSFER,WEB_PORTAL,False,
TX_A178F739AF88,USR_03518,BTC,20260805,2026-08-05 07:32:46+05:30,TRADE,SELL,0.00085102,7878936.1335,6705.16,10.06,6695.1,COMPLETED,INTERNAL_MATCH,WEB_PORTAL,False,
TX_7C55E9D6971B,USR_09531,ETH,20260805,2026-08-05 08:04:20+05:30,DEPOSIT,,0.0076858,300938.1478,2312.95,0.0,2312.95,COMPLETED,IMPS,MOBILE_APP,False,
TX_2F4634077B4A,USR_02993,XRP,20260805,2026-08-05 08:15:50+05:30,TRADE,BUY,1008.36511658,51.4422,51872.52,77.81,51950.33,COMPLETED,INTERNAL_MATCH,MOBILE_APP,False,
TX_7B432C1299E9,USR_08182,USDT,20260805,2026-08-05 08:40:29+05:30,DEPOSIT,,171.15928254,89.426,15306.09,0.0,15306.09,COMPLETED,IMPS,MOBILE_APP,False,
TX_3BA254285887,USR_07707,USDT,20260805,2026-08-05 09:50:45+05:30,DEPOSIT,,563.14959979,89.4647,50382.01,0.0,50382.01,COMPLETED,IMPS,MOBILE_APP,False,
TX_439EF9DF5098,USR_07733,ETH,20260805,2026-08-05 10:19:41+05:30,TRADE,SELL,0.0033214,286614.4171,951.96,1.43,950.53,COMPLETED,INTERNAL_MATCH,WEB_PORTAL,False,
TX_0930514BFECA,USR_02204,ETH,20260805,2026-08-05 10:30:16+05:30,WITHDRAWAL,,0.21764855,318529.0699,69327.39,25.0,69302.39,COMPLETED,ON_CHAIN_TRANSFER,API_KEY,False,
TX_9630CAEF12C3,USR_05403,ETH,20260805,2026-08-05 11:17:47+05:30,DEPOSIT,,0.01226824,303022.171,3717.55,0.0,3717.55,COMPLETED,IMPS,MOBILE_APP,False,
TX_7E98E834593A,USR_03164,USDT,20260805,2026-08-05 13:28:18+05:30,DEPOSIT,,5776.98901724,89.3582,516221.34,0.0,516221.34,COMPLETED,IMPS,WEB_PORTAL,False,
TX_BB76CB8A9DD0,USR_02072,BTC,20260805,2026-08-05 16:02:15+05:30,DEPOSIT,,0.00454305,7857280.7336,35696.04,0.0,35696.04,COMPLETED,IMPS,MOBILE_APP,False,
TX_F731A157FE6A,USR_01664,BTC,20260805,2026-08-05 16:56:30+05:30,TRADE,SELL,0.0012693,7740350.4216,9824.86,14.74,9810.12,COMPLETED,INTERNAL_MATCH,WEB_PORTAL,False,
TX_5D41730398E7,USR_06348,ETH,20260805,2026-08-05 20:56:23+05:30,TRADE,BUY,0.1948851,303472.502,59142.27,88.71,59230.98,COMPLETED,INTERNAL_MATCH,MOBILE_APP,False,
TX_28835C8BC04C,USR_05091,BTC,20260805,2026-08-05 21:15:55+05:30,TRADE,SELL,0.00080448,7703602.5853,6197.42,9.3,6188.12,COMPLETED,INTERNAL_MATCH,MOBILE_APP,False,
TX_C09F85BF72E9,USR_08117,ETH,20260805,2026-08-05 22:36:22+05:30,TRADE,SELL,0.08469267,309176.4701,26184.98,39.28,26145.7,COMPLETED,INTERNAL_MATCH,MOBILE_APP,False,
TX_15D768E4F1AA,USR_09114,ETH,20260805,2026-08-05 23:02:24+05:30,WITHDRAWAL,,0.09883157,296247.0465,29278.56,25.0,29253.56,COMPLETED,NEFT,WEB_PORTAL,False,
TX_FAE84FC1EE54,USR_02575,POL,20260805,2026-08-05 23:19:22+05:30,TRADE,BUY,956.29700229,49.838,47659.93,71.49,47731.42,COMPLETED,INTERNAL_MATCH,MOBILE_APP,False,
TX_4964C95F0BDE,USR_07556,BTC,20260805,2026-08-05 23:49:25+05:30,TRADE,BUY,0.0120924,8193898.3732,99083.86,148.63,99232.49,COMPLETED,INTERNAL_MATCH,WEB_PORTAL,False,
TX_BD8B38E76B58,USR_06424,SOL,20260805,2026-08-05 23:56:40+05:30,TRADE,BUY,2.92193693,17926.4444,52379.94,78.57,52458.51,COMPLETED,INTERNAL_MATCH,MOBILE_APP,False,
TX_952D8C7B4953,USR_04369,ETH,20260805,2026-08-06 00:53:39+05:30,WITHDRAWAL,,0.00218098,309319.0666,674.62,25.0,649.62,COMPLETED,NEFT,WEB_PORTAL,False,
TX_8B21612B6462,USR_08905,BTC,20260805,2026-08-06 02:05:44+05:30,DEPOSIT,,0.00851979,7626500.9437,64976.19,0.0,64976.19,COMPLETED,UPI,WEB_PORTAL,False,
TX_BB5E69D6B56B,USR_08049,USDT,20260805,2026-08-06 03:04:02+05:30,WITHDRAWAL,,70.74166955,89.3619,6321.61,10.0,6311.61,COMPLETED,ON_CHAIN_TRANSFER,WEB_PORTAL,False,
TX_4539E670521C,USR_01579,ETH,20260805,2026-08-06 03:50:26+05:30,DEPOSIT,,0.11724668,301907.0578,35397.6,0.0,35397.6,COMPLETED,NEFT,WEB_PORTAL,False,
TX_D4663A04A940,USR_07671,POL,20260805,2026-08-06 03:54:46+05:30,WITHDRAWAL,,956.75612766,49.8355,47680.42,25.0,47655.42,COMPLETED,NEFT,WEB_PORTAL,False,
TX_142B56B6DD2C,USR_04661,BTC,20260805,2026-08-06 04:06:40+05:30,TRADE,BUY,0.00521283,8048065.1983,41953.21,62.93,42016.14,COMPLETED,INTERNAL_MATCH,MOBILE_APP,False,
TX_250C4F98D14B,USR_09024,BTC,20260805,2026-08-06 05:03:25+05:30,TRADE,BUY,0.00097451,7466148.4193,7275.8,10.91,7286.71,COMPLETED,INTERNAL_MATCH,MOBILE_APP,False,
TX_8A7C5BE89DFF,USR_02353,USDT,20260805,2026-08-06 05:29:41+05:30,TRADE,SELL,435.13317294,89.5302,38957.56,58.44,38899.12,COMPLETED,INTERNAL_MATCH,MOBILE_APP,False,
TX_4CB04EA6518E,USR_04392,XRP,20260806,2026-08-06 07:03:32+05:30,TRADE,BUY,9590.51805844,52.6485,504926.39,403.94,505330.33,COMPLETED,INTERNAL_MATCH,API_KEY,False,
TX_AD613B2D82D9,USR_07301,SOL,20260806,2026-08-06 07:52:27+05:30,DEPOSIT,,2.7354051,16604.1403,45419.05,0.0,45419.05,COMPLETED,NEFT,MOBILE_APP,False,
TX_F4AE00B39B30,USR_01665,USDT,20260806,2026-08-06 08:23:55+05:30,DEPOSIT,,139.08359587,89.5762,12458.58,0.0,12458.58,COMPLETED,IMPS,WEB_PORTAL,False,
TX_C14B8CA36E33,USR_02668,USDT,20260806,2026-08-06 08:36:25+05:30,TRADE,BUY,362.8073231,89.4539,32454.53,48.68,32503.21,COMPLETED,INTERNAL_MATCH,MOBILE_APP,False,
TX_57651C1999CC,USR_05075,BTC,20260806,2026-08-06 08:49:02+05:30,TRADE,BUY,0.00630448,8199151.2347,51691.39,77.54,51768.93,COMPLETED,INTERNAL_MATCH,MOBILE_APP,False,
TX_80B94BC27F9F,USR_09703,SOL,20260806,2026-08-06 08:51:18+05:30,DEPOSIT,,23.62672546,16061.0966,379471.12,0.0,379471.12,COMPLETED,IMPS,WEB_PORTAL,False,
TX_E722690DE7E4,USR_06606,ETH,20260806,2026-08-06 09:01:03+05:30,WITHDRAWAL,,1.92865371,297877.6528,574502.84,25.0,574477.84,COMPLETED,ON_CHAIN_TRANSFER,WEB_PORTAL,False,
TX_3EEE70F6EF99,USR_02746,USDT,20260806,2026-08-06 10:22:01+05:30,TRADE,BUY,81.75281967,89.5848,7323.81,10.99,7334.8,COMPLETED,INTERNAL_MATCH,WEB_PORTAL,False,
TX_DAC91CC3034B,USR_01782,USDT,20260806,2026-08-06 10:29:14+05:30,TRADE,BUY,89.04117682,89.7058,7987.51,11.98,7999.49,COMPLETED,INTERNAL_MATCH,MOBILE_APP,False,
TX_16130ADCACD9,USR_05398,ETH,20260806,2026-08-06 10:34:34+05:30,TRADE,SELL,0.21428447,302883.7362,64903.28,97.35,64805.93,COMPLETED,INTERNAL_MATCH,WEB_PORTAL,False,
TX_C64C1D4C781A,USR_01073,USDT,20260806,2026-08-06 12:16:55+05:30,DEPOSIT,,461.80598818,89.5698,41363.87,0.0,41363.87,COMPLETED,IMPS,MOBILE_APP,False,
TX_DF5EDAE04D6E,USR_00664,USDT,20260806,2026-08-06 12:26:05+05:30,DEPOSIT,,6613.35960699,89.3417,590848.79,0.0,590848.79,COMPLETED,UPI,API_KEY,False,
TX_A9606233755F,USR_09369,ETH,20260806,2026-08-06 14:24:42+05:30,TRADE,SELL,2.48118926,305114.1043,757045.84,605.64,756440.2,COMPLETED,INTERNAL_MATCH,WEB_PORTAL,False,
TX_926EBED78322,USR_01973,BTC,20260806,2026-08-06 14:39:38+05:30,TRADE,SELL,0.00640739,7839750.9155,50232.33,75.35,50156.98,COMPLETED,INTERNAL_MATCH,MOBILE_APP,False,
TX_9D96DB0CA3E4,USR_00646,USDT,20260806,2026-08-06 14:55:43+05:30,DEPOSIT,,526.61757427,89.7084,47242.02,0.0,47242.02,COMPLETED,UPI,MOBILE_APP,False,
TX_977E8E490C1C,USR_02399,SOL,20260806,2026-08-06 15:04:44+05:30,TRADE,BUY,2.30203755,15588.6119,35885.57,53.83,35939.4,COMPLETED,INTERNAL_MATCH,MOBILE_APP,False,
TX_2A52C2790331,USR_01768,USDT,20260806,2026-08-06 17:53:36+05:30,DEPOSIT,,37.51282485,89.1823,3345.48,0.0,3345.48,COMPLETED,UPI,MOBILE_APP,False,
TX_3F3A7C751A9B,USR_04725,USDT,20260806,2026-08-06 18:59:17+05:30,WITHDRAWAL,,557.39368691,90.0383,50186.78,10.0,50176.78,COMPLETED,IMPS,WEB_PORTAL,False,
TX_CD4EA5A272C7,USR_09967,USDT,20260806,2026-08-06 19:21:27+05:30,WITHDRAWAL,,92.99654936,88.969,8273.81,10.0,8263.81,COMPLETED,ON_CHAIN_TRANSFER,API_KEY,False,
TX_02142ABA266A,USR_00540,SOL,20260806,2026-08-06 19:37:03+05:30,TRADE,SELL,0.88906292,15498.4532,13779.1,20.67,13758.43,COMPLETED,INTERNAL_MATCH,MOBILE_APP,False,
TX_81251907D5E2,USR_03849,BTC,20260806,2026-08-06 20:07:56+05:30,DEPOSIT,,0.00579858,7626670.2102,44223.86,0.0,44223.86,COMPLETED,IMPS,MOBILE_APP,False,
TX_1368F050BDA4,USR_06752,ETH,20260806,2026-08-06 20:51:52+05:30,TRADE,SELL,0.15230308,307752.6728,46871.68,70.31,46801.37,COMPLETED,INTERNAL_MATCH,MOBILE_APP,False,
TX_55B1B3EB2ACE,USR_08644,BTC,20260806,2026-08-06 21:39:22+05:30,DEPOSIT,,0.00508779,7844013.3066,39908.68,0.0,39908.68,COMPLETED,UPI,MOBILE_APP,False,
TX_7FC6F40DA3AD,USR_09114,BTC,20260806,2026-08-06 22:17:21+05:30,TRADE,SELL,0.00455687,7971830.9401,36326.56,54.49,36272.07,COMPLETED,INTERNAL_MATCH,WEB_PORTAL,False,
TX_1AD5BB7B2646,USR_00548,BTC,20260806,2026-08-06 22:37:38+05:30,TRADE,SELL,0.00619819,7736875.9045,47954.64,71.93,47882.71,COMPLETED,INTERNAL_MATCH,MOBILE_APP,False,
TX_6E56C50F276C,USR_07946,USDT,20260806,2026-08-06 23:28:18+05:30,DEPOSIT,,2.79105389,89.5719,250.0,0.0,250.0,COMPLETED,NEFT,MOBILE_APP,False,
TX_7B49B3FD4069,USR_02336,USDT,20260806,2026-08-07 00:35:03+05:30,TRADE,BUY,359.71126686,89.3905,32154.77,48.23,32203.0,COMPLETED,INTERNAL_MATCH,MOBILE_APP,False,
TX_E5056DF7D8AD,USR_05706,ETH,20260806,2026-08-07 02:21:04+05:30,DEPOSIT,,0.17257353,300000.7559,51772.19,0.0,51772.19,FAILED,UPI,MOBILE_APP,False,
TX_2C6EE1586816,USR_09479,BTC,20260806,2026-08-07 02:37:31+05:30,TRADE,BUY,0.0004162,7902549.8273,3289.03,4.93,3293.96,COMPLETED,INTERNAL_MATCH,WEB_PORTAL,False,
TX_F94F7395F078,USR_08341,SOL,20260806,2026-08-07 05:00:29+05:30,TRADE,SELL,2.45664196,15087.7949,37065.31,55.6,37009.71,COMPLETED,INTERNAL_MATCH,WEB_PORTAL,False,
TX_827E93BBEE7D,USR_06526,BTC,20260807,2026-08-07 06:21:04+05:30,TRADE,SELL,0.00772138,8072476.0302,62330.62,93.5,62237.12,COMPLETED,INTERNAL_MATCH,API_KEY,False,
TX_6D1A6F048F58,USR_01310,BTC,20260807,2026-08-07 07:55:16+05:30,DEPOSIT,,0.0040706,7595709.4117,30919.12,0.0,30919.12,COMPLETED,NEFT,WEB_PORTAL,False,
TX_0C480A8232C0,USR_09017,BTC,20260807,2026-08-07 08:06:20+05:30,DEPOSIT,,3.144e-05,7952477.9715,250.0,0.0,250.0,COMPLETED,NEFT,MOBILE_APP,False,
TX_5FB19CA74A0B,USR_04083,XRP,20260807,2026-08-07 08:21:30+05:30,DEPOSIT,,75.63486578,53.6767,4059.83,0.0,4059.83,COMPLETED,NEFT,MOBILE_APP,False,
TX_4F37D7D4D758,USR_08177,USDT,20260807,2026-08-07 08:38:25+05:30,TRADE,SELL,56.70358187,89.5566,5078.18,7.62,5070.56,COMPLETED,INTERNAL_MATCH,MOBILE_APP,False,
TX_973A128B1696,USR_08181,SOL,20260807,2026-08-07 08:50:13+05:30,TRADE,BUY,2.63470921,16155.8854,42566.06,63.85,42629.91,COMPLETED,INTERNAL_MATCH,MOBILE_APP,False,
TX_5436312C6718,USR_08847,POL,20260807,2026-08-07 09:57:42+05:30,TRADE,SELL,833.23344518,48.7879,40651.71,60.98,40590.73,COMPLETED,INTERNAL_MATCH,MOBILE_APP,False,
TX_AF4955201944,USR_08608,USDT,20260807,2026-08-07 10:27:34+05:30,TRADE,BUY,4634.77651827,89.806,416230.74,332.98,416563.72,COMPLETED,INTERNAL_MATCH,WEB_PORTAL,False,
TX_38D21884D78F,USR_09135,BTC,20260807,2026-08-07 10:52:23+05:30,DEPOSIT,,3.135e-05,7975396.469,250.0,0.0,250.0,COMPLETED,NEFT,WEB_PORTAL,False,
TX_DB3EE12EFF8E,USR_02487,BTC,20260807,2026-08-07 11:15:35+05:30,TRADE,BUY,0.00511056,7996885.4559,40868.54,61.3,40929.84,COMPLETED,INTERNAL_MATCH,MOBILE_APP,False,
TX_DA0537D591F2,USR_08341,XRP,20260807,2026-08-07 11:37:46+05:30,TRADE,SELL,812.30622933,55.1038,44761.16,67.14,44694.02,COMPLETED,INTERNAL_MATCH,MOBILE_APP,False,
TX_A8B5BA7B6527,USR_02964,USDT,20260807,2026-08-07 15:08:33+05:30,TRADE,BUY,663.56668416,89.579,59441.64,89.16,59530.8,COMPLETED,INTERNAL_MATCH,MOBILE_APP,False,
TX_D6DC3ACCA60C,USR_05794,BTC,20260807,2026-08-07 15:39:45+05:30,TRADE,BUY,0.06290583,7645529.421,480948.34,384.76,481333.1,COMPLETED,INTERNAL_MATCH,WEB_PORTAL,False,
TX_82052EEC13C1,USR_04032,POL,20260807,2026-08-07 15:48:08+05:30,TRADE,SELL,711.81458394,49.1198,34964.19,52.45,34911.74,COMPLETED,INTERNAL_MATCH,MOBILE_APP,False,
TX_C1CF951D5002,USR_05987,ETH,20260807,2026-08-07 17:24:35+05:30,TRADE,BUY,0.21219695,315431.4016,66933.58,100.4,67033.98,COMPLETED,INTERNAL_MATCH,MOBILE_APP,False,
TX_0F949663282C,USR_06066,POL,20260807,2026-08-07 17:29:05+05:30,WITHDRAWAL,,844.29822981,47.1757,39830.36,25.0,39805.36,COMPLETED,ON_CHAIN_TRANSFER,WEB_PORTAL,False,
TX_90F690B47649,USR_05382,XRP,20260807,2026-08-07 17:36:43+05:30,TRADE,SELL,98.657709,51.4866,5079.55,7.62,5071.93,COMPLETED,INTERNAL_MATCH,MOBILE_APP,False,
TX_0AB1BA9B0434,USR_09980,BTC,20260807,2026-08-07 19:43:32+05:30,DEPOSIT,,0.00247058,7702699.1451,19030.13,0.0,19030.13,COMPLETED,NEFT,MOBILE_APP,False,
TX_FABA35813936,USR_00169,USDT,20260807,2026-08-07 20:14:00+05:30,TRADE,SELL,66.45034688,89.2814,5932.78,8.9,5923.88,COMPLETED,INTERNAL_MATCH,WEB_PORTAL,False,
TX_4A2E1DB1EE26,USR_09402,ETH,20260807,2026-08-07 20:24:41+05:30,TRADE,BUY,0.1346839,315644.3346,42512.21,63.77,42575.98,COMPLETED,INTERNAL_MATCH,WEB_PORTAL,False,
TX_CB241503B4F6,USR_05586,BTC,20260807,2026-08-07 21:00:16+05:30,TRADE,BUY,0.00588099,7612908.7044,44771.42,67.16,44838.58,COMPLETED,INTERNAL_MATCH,MOBILE_APP,False,
TX_7564CDD283E6,USR_02928,USDT,20260807,2026-08-07 21:01:54+05:30,WITHDRAWAL,,2.79203577,89.5404,250.0,10.0,240.0,COMPLETED,ON_CHAIN_TRANSFER,API_KEY,False,
TX_5A0D8767ADCD,USR_09969,ETH,20260807,2026-08-07 21:53:57+05:30,TRADE,BUY,0.0132383,315872.0173,4181.61,6.27,4187.88,COMPLETED,INTERNAL_MATCH,WEB_PORTAL,False,
TX_733B64D8714B,USR_07458,BTC,20260807,2026-08-07 23:23:51+05:30,DEPOSIT,,0.00307233,7385809.088,22691.67,0.0,22691.67,COMPLETED,NEFT,MOBILE_APP,False,
TX_0FE92D6C5513,USR_01608,ETH,20260807,2026-08-07 23:29:54+05:30,WITHDRAWAL,,0.02626434,311181.2255,8172.97,25.0,8147.97,FAILED,IMPS,MOBILE_APP,False,
TX_FDEBBB2F2AA6,USR_03016,ETH,20260807,2026-08-08 00:06:48+05:30,WITHDRAWAL,,1.87342021,294664.5966,552030.61,25.0,552005.61,COMPLETED,ON_CHAIN_TRANSFER,API_KEY,False,
TX_0D13DDA73535,USR_03857,BTC,20260807,2026-08-08 02:13:06+05:30,TRADE,BUY,0.00050272,7585184.5946,3813.24,5.72,3818.96,COMPLETED,INTERNAL_MATCH,WEB_PORTAL,False,
TX_56A802A6C439,USR_03844,ETH,20260807,2026-08-08 03:21:18+05:30,TRADE,SELL,0.02869071,292755.0747,8399.35,12.6,8386.75,COMPLETED,INTERNAL_MATCH,MOBILE_APP,False,
TX_ABEB9FFCCE74,USR_07480,USDT,20260807,2026-08-08 03:23:42+05:30,TRADE,SELL,6011.681004,89.4983,538035.23,430.43,537604.8,COMPLETED,INTERNAL_MATCH,MOBILE_APP,False,
TX_66CBA04869D7,USR_06876,SOL,20260807,2026-08-08 03:30:18+05:30,WITHDRAWAL,,0.32598807,17419.8093,5678.65,25.0,5653.65,COMPLETED,ON_CHAIN_TRANSFER,MOBILE_APP,False,
TX_3D5F403F1178,USR_07070,POL,20260807,2026-08-08 03:55:47+05:30,TRADE,SELL,844.74702369,49.6252,41920.74,62.88,41857.86,COMPLETED,INTERNAL_MATCH,MOBILE_APP,False,
TX_58EF3A56314D,USR_09614,SOL,20260807,2026-08-08 04:24:18+05:30,DEPOSIT,,45.00230142,16386.8666,737446.71,0.0,737446.71,COMPLETED,NEFT,API_KEY,False,
TX_4AF9048CF878,USR_03091,SOL,20260807,2026-08-08 04:56:22+05:30,TRADE,BUY,3.66317753,16969.6007,62162.66,93.24,62255.9,COMPLETED,INTERNAL_MATCH,MOBILE_APP,False,
TX_7FFE8E81CECF,USR_05335,USDT,20260807,2026-08-08 05:15:19+05:30,TRADE,BUY,510.92355619,89.6567,45807.72,68.71,45876.43,COMPLETED,INTERNAL_MATCH,MOBILE_APP,False,
TX_11BBBA3FAD8E,USR_08868,POL,20260807,2026-08-08 05:22:06+05:30,TRADE,BUY,860.53054986,49.722,42787.3,64.18,42851.48,FAILED,INTERNAL_MATCH,MOBILE_APP,False,
TX_17339BD459E3,USR_08497,ETH,20260808,2026-08-08 05:37:11+05:30,TRADE,BUY,1.98683328,302639.9484,601295.12,481.04,601776.16,COMPLETED,INTERNAL_MATCH,API_KEY,False,
TX_CDF77DDBBC2F,USR_09517,SOL,20260808,2026-08-08 06:24:45+05:30,DEPOSIT,,1.91514063,16073.6812,30783.36,0.0,30783.36,COMPLETED,UPI,MOBILE_APP,False,
TX_3ED59DC8DB44,USR_02488,USDT,20260808,2026-08-08 06:57:32+05:30,TRADE,SELL,5921.56514749,89.8139,531838.86,425.47,531413.39,COMPLETED,INTERNAL_MATCH,API_KEY,False,
TX_14FCC5CB4DE1,USR_04941,BTC,20260808,2026-08-08 07:00:59+05:30,TRADE,BUY,0.00496903,7704342.9751,38283.13,57.42,38340.55,COMPLETED,INTERNAL_MATCH,WEB_PORTAL,False,
TX_CBB0EE82EB63,USR_01923,USDT,20260808,2026-08-08 07:36:52+05:30,DEPOSIT,,587.18145845,89.3604,52470.77,0.0,52470.77,COMPLETED,IMPS,MOBILE_APP,False,
TX_D46CC65A6EC5,USR_03724,USDT,20260808,2026-08-08 07:49:19+05:30,TRADE,BUY,523.09405225,89.1866,46652.98,69.98,46722.96,COMPLETED,INTERNAL_MATCH,MOBILE_APP,False,
TX_BF8EA11E9610,USR_00680,ETH,20260808,2026-08-08 08:44:24+05:30,WITHDRAWAL,,0.00084906,309848.7324,263.08,25.0,238.08,COMPLETED,ON_CHAIN_TRANSFER,WEB_PORTAL,False,
TX_E43F94616EBC,USR_02366,SOL,20260808,2026-08-08 09:24:32+05:30,WITHDRAWAL,,2.44304423,17542.1589,42856.27,25.0,42831.27,COMPLETED,ON_CHAIN_TRANSFER,MOBILE_APP,False,
TX_A902FD12B792,USR_05665,USDT,20260808,2026-08-08 09:30:22+05:30,TRADE,BUY,34.37025141,89.1713,3064.84,4.6,3069.44,COMPLETED,INTERNAL_MATCH,WEB_PORTAL,False,
TX_15A3ACF72E53,USR_01252,USDT,20260808,2026-08-08 09:38:28+05:30,TRADE,SELL,5.79899523,89.1551,517.01,0.78,516.23,COMPLETED,INTERNAL_MATCH,WEB_PORTAL,False,
TX_84DD00926A4B,USR_09895,POL,20260808,2026-08-08 10:07:23+05:30,TRADE,BUY,17.13977989,47.1663,808.42,1.21,809.63,FAILED,INTERNAL_MATCH,WEB_PORTAL,False,
TX_52AA66E3BB0C,USR_00358,SOL,20260808,2026-08-08 10:14:58+05:30,DEPOSIT,,3.09220852,16341.1522,50530.25,0.0,50530.25,COMPLETED,UPI,MOBILE_APP,False,
TX_AF47C3823880,USR_02854,SOL,20260808,2026-08-08 11:20:27+05:30,TRADE,SELL,0.05256704,16366.9083,860.36,1.29,859.07,COMPLETED,INTERNAL_MATCH,MOBILE_APP,False,
TX_79449E483183,USR_03647,USDT,20260808,2026-08-08 12:42:51+05:30,TRADE,BUY,429.36207825,89.4906,38423.87,57.64,38481.51,COMPLETED,INTERNAL_MATCH,WEB_PORTAL,False,
TX_7B94E23BD15A,USR_09596,ETH,20260808,2026-08-08 12:46:58+05:30,DEPOSIT,,0.01252268,322122.754,4033.84,0.0,4033.84,COMPLETED,NEFT,MOBILE_APP,False,
TX_DDCF5B7BF245,USR_08826,USDT,20260808,2026-08-08 13:32:06+05:30,WITHDRAWAL,,757.29569745,89.4678,67753.58,10.0,67743.58,COMPLETED,IMPS,MOBILE_APP,False,
TX_20525430EFB7,USR_07322,SOL,20260808,2026-08-08 14:33:08+05:30,DEPOSIT,,2.66266485,17720.8784,47184.76,0.0,47184.76,COMPLETED,UPI,MOBILE_APP,False,
TX_8098F3A35199,USR_06272,USDT,20260808,2026-08-08 14:37:00+05:30,TRADE,SELL,332.6693522,89.1692,29663.86,44.5,29619.36,COMPLETED,INTERNAL_MATCH,MOBILE_APP,False,
TX_072299CD01DA,USR_07465,ETH,20260808,2026-08-08 15:57:42+05:30,TRADE,BUY,0.12158629,298473.4625,36290.28,54.44,36344.72,COMPLETED,INTERNAL_MATCH,MOBILE_APP,False,
TX_D6BE59608D48,USR_00662,USDT,20260808,2026-08-08 16:00:09+05:30,TRADE,BUY,294.42519836,89.8884,26465.41,39.7,26505.11,COMPLETED,INTERNAL_MATCH,MOBILE_APP,False,
TX_DA3348DD9D11,USR_02938,ETH,20260808,2026-08-08 16:42:57+05:30,TRADE,SELL,0.16489429,282564.431,46593.26,69.89,46523.37,COMPLETED,INTERNAL_MATCH,MOBILE_APP,False,
TX_D897C4213364,USR_07109,ETH,20260808,2026-08-08 17:54:25+05:30,TRADE,SELL,0.18820245,302666.8897,56962.65,85.44,56877.21,COMPLETED,INTERNAL_MATCH,MOBILE_APP,False,
TX_0BCCFC86ED27,USR_02853,BTC,20260808,2026-08-08 18:09:16+05:30,TRADE,BUY,0.00894893,7866102.5684,70393.21,105.59,70498.8,COMPLETED,INTERNAL_MATCH,MOBILE_APP,False,
TX_290A1D3C9F80,USR_03020,ETH,20260808,2026-08-08 18:09:59+05:30,TRADE,BUY,0.22584231,310307.8019,70080.63,105.12,70185.75,COMPLETED,INTERNAL_MATCH,MOBILE_APP,False,
TX_7A89F26AF0A5,USR_01508,USDT,20260808,2026-08-08 18:10:10+05:30,TRADE,SELL,722.61682347,89.494,64669.87,97.0,64572.87,COMPLETED,INTERNAL_MATCH,MOBILE_APP,False,
TX_EE2027BAB567,USR_04753,BTC,20260808,2026-08-08 20:01:13+05:30,TRADE,SELL,0.00012018,7919314.3619,951.75,1.43,950.32,COMPLETED,INTERNAL_MATCH,WEB_PORTAL,False,
TX_A3616397C3C1,USR_04693,POL,20260808,2026-08-08 22:50:18+05:30,TRADE,SELL,82.43811444,49.5875,4087.9,6.13,4081.77,COMPLETED,INTERNAL_MATCH,MOBILE_APP,False,
TX_0FBE90F70B86,USR_04570,USDT,20260808,2026-08-08 23:58:39+05:30,TRADE,SELL,56.26508833,89.2246,5020.23,7.53,5012.7,COMPLETED,INTERNAL_MATCH,MOBILE_APP,False,
TX_45CE9C08BEC2,USR_07929,USDT,20260808,2026-08-09 00:12:33+05:30,DEPOSIT,,5595.7531507,89.504,500842.29,0.0,500842.29,COMPLETED,UPI,MOBILE_APP,False,
TX_28ED8DC7C8C5,USR_08886,USDT,20260808,2026-08-09 00:41:40+05:30,TRADE,SELL,70.12038662,89.2458,6257.95,9.39,6248.56,COMPLETED,INTERNAL_MATCH,API_KEY,False,
TX_2F2B15D8A0AB,USR_00575,ETH,20260808,2026-08-09 02:07:02+05:30,TRADE,SELL,0.00491341,310967.0498,1527.91,2.29,1525.62,COMPLETED,INTERNAL_MATCH,WEB_PORTAL,False,
TX_D2E51BFFD2F2,USR_05524,BTC,20260808,2026-08-09 02:28:08+05:30,TRADE,SELL,0.00613524,7877009.9961,48327.35,72.49,48254.86,COMPLETED,INTERNAL_MATCH,WEB_PORTAL,False,
TX_4C98F2E21EA0,USR_08989,BTC,20260808,2026-08-09 02:55:29+05:30,TRADE,SELL,0.0065082,7616798.3752,49571.65,74.36,49497.29,COMPLETED,INTERNAL_MATCH,WEB_PORTAL,False,
TX_57867862A291,USR_00312,ETH,20260808,2026-08-09 03:59:25+05:30,DEPOSIT,,0.18354731,304581.5275,55905.12,0.0,55905.12,COMPLETED,IMPS,WEB_PORTAL,False,
TX_C9CAF119B0CB,USR_06328,XRP,20260808,2026-08-09 04:57:46+05:30,TRADE,SELL,1123.66298188,54.8291,61609.43,92.41,61517.02,COMPLETED,INTERNAL_MATCH,MOBILE_APP,False,
TX_0F9DC2A9A9C0,USR_00675,USDT,20260809,2026-08-09 05:52:54+05:30,DEPOSIT,,30.02778882,89.5324,2688.46,0.0,2688.46,COMPLETED,IMPS,MOBILE_APP,False,
TX_3CBC86C10E6E,USR_08940,ETH,20260809,2026-08-09 06:16:30+05:30,DEPOSIT,,0.0056073,307185.4629,1722.48,0.0,1722.48,COMPLETED,UPI,WEB_PORTAL,False,
TX_06E6457359F2,USR_04398,BTC,20260809,2026-08-09 07:22:13+05:30,WITHDRAWAL,,0.00211745,7565451.5901,16019.45,25.0,15994.45,COMPLETED,ON_CHAIN_TRANSFER,MOBILE_APP,False,
TX_97774A7A478F,USR_08271,USDT,20260809,2026-08-09 07:56:20+05:30,WITHDRAWAL,,184.25217674,89.239,16442.48,10.0,16432.48,COMPLETED,ON_CHAIN_TRANSFER,WEB_PORTAL,False,
TX_F18F7A870C95,USR_05335,ETH,20260809,2026-08-09 08:01:24+05:30,TRADE,SELL,0.21712353,295267.7687,64109.58,96.16,64013.42,COMPLETED,INTERNAL_MATCH,MOBILE_APP,False,
TX_70D19FA7E61C,USR_08909,BTC,20260809,2026-08-09 09:14:25+05:30,TRADE,SELL,0.01121078,8231039.5482,92276.38,138.41,92137.97,COMPLETED,INTERNAL_MATCH,MOBILE_APP,False,
TX_86C5CF5B86D3,USR_01350,ETH,20260809,2026-08-09 10:48:49+05:30,DEPOSIT,,0.01512963,301759.4508,4565.51,0.0,4565.51,COMPLETED,UPI,MOBILE_APP,False,
TX_F027A73D8E26,USR_01587,USDT,20260809,2026-08-09 13:37:53+05:30,TRADE,BUY,48.96963027,89.5892,4387.15,6.58,4393.73,COMPLETED,INTERNAL_MATCH,MOBILE_APP,False,
TX_ANO_FAL_C86D874C,USR_09850,INR,20260809,2026-08-09 14:06:52+05:30,DEPOSIT,,10000.0,1.0,10000.0,0.0,10000.0,FAILED,UPI,MOBILE_APP,True,REPEATED_FAILURES
TX_8BA45B95B0D4,USR_04721,ETH,20260809,2026-08-09 15:30:14+05:30,DEPOSIT,,0.1757844,290525.5557,51069.86,0.0,51069.86,COMPLETED,IMPS,WEB_PORTAL,False,
TX_112CFE64E5D7,USR_03669,USDT,20260809,2026-08-09 15:42:18+05:30,TRADE,BUY,298.22438653,89.2255,26609.22,39.91,26649.13,COMPLETED,INTERNAL_MATCH,MOBILE_APP,False,
TX_567AC7A668FB,USR_08531,BTC,20260809,2026-08-09 15:46:35+05:30,TRADE,BUY,0.00552047,8039672.9903,44382.81,66.57,44449.38,COMPLETED,INTERNAL_MATCH,MOBILE_APP,False,
TX_4A28AE785A96,USR_08047,ETH,20260809,2026-08-09 16:51:23+05:30,WITHDRAWAL,,0.02842648,301629.3279,8574.26,25.0,8549.26,COMPLETED,IMPS,MOBILE_APP,False,
TX_EFBB94ACBA0B,USR_04340,BTC,20260809,2026-08-09 18:15:21+05:30,TRADE,BUY,0.00023485,7912727.5412,1858.28,2.79,1861.07,COMPLETED,INTERNAL_MATCH,MOBILE_APP,False,
TX_6AA420C36205,USR_00082,USDT,20260809,2026-08-09 18:18:42+05:30,TRADE,BUY,605.84602832,89.471,54205.65,81.31,54286.96,COMPLETED,INTERNAL_MATCH,MOBILE_APP,False,
TX_AB65C401E336,USR_00410,BTC,20260809,2026-08-09 18:44:38+05:30,TRADE,SELL,0.00078566,8090916.7506,6356.69,9.54,6347.15,COMPLETED,INTERNAL_MATCH,MOBILE_APP,False,
TX_BE51CC59810D,USR_04815,BTC,20260809,2026-08-09 20:35:53+05:30,TRADE,BUY,0.00068386,7753277.8078,5302.13,7.95,5310.08,COMPLETED,INTERNAL_MATCH,MOBILE_APP,False,
TX_7CD922C92B4F,USR_07710,SOL,20260809,2026-08-09 20:52:22+05:30,TRADE,SELL,2.14113338,16470.0996,35264.68,52.9,35211.78,COMPLETED,INTERNAL_MATCH,MOBILE_APP,False,
TX_E8745CA604DA,USR_03039,USDT,20260809,2026-08-09 20:55:50+05:30,TRADE,SELL,6997.28165884,89.3155,624965.71,499.97,624465.74,COMPLETED,INTERNAL_MATCH,WEB_PORTAL,False,
TX_93A3357C2F8E,USR_01875,SOL,20260809,2026-08-09 22:14:41+05:30,TRADE,SELL,1.90952661,17248.8667,32937.17,49.41,32887.76,COMPLETED,INTERNAL_MATCH,MOBILE_APP,False,
TX_A4E7A08220FF,USR_07356,BTC,20260809,2026-08-09 23:08:51+05:30,TRADE,BUY,0.0068525,7892164.7538,54081.07,81.12,54162.19,FAILED,INTERNAL_MATCH,WEB_PORTAL,False,
TX_84946A822AD2,USR_09539,ETH,20260809,2026-08-09 23:23:08+05:30,TRADE,BUY,0.09393178,290712.9903,27307.19,40.96,27348.15,COMPLETED,INTERNAL_MATCH,WEB_PORTAL,False,
TX_21B991AA5BE4,USR_01798,USDT,20260809,2026-08-09 23:32:29+05:30,TRADE,BUY,598.52065081,89.3839,53498.11,80.25,53578.36,COMPLETED,INTERNAL_MATCH,WEB_PORTAL,False,
TX_84DD413C8E7E,USR_02182,ETH,20260809,2026-08-10 00:35:51+05:30,TRADE,SELL,0.01519395,319624.5173,4856.36,7.28,4849.08,COMPLETED,INTERNAL_MATCH,WEB_PORTAL,False,
TX_89E4B9A70A87,USR_07872,XRP,20260809,2026-08-10 01:16:00+05:30,TRADE,SELL,100.67858309,52.9633,5332.27,8.0,5324.27,FAILED,INTERNAL_MATCH,MOBILE_APP,False,
TX_7C8F9860BDB9,USR_08480,USDT,20260809,2026-08-10 01:21:17+05:30,TRADE,SELL,724.63188847,89.443,64813.25,97.22,64716.03,COMPLETED,INTERNAL_MATCH,WEB_PORTAL,False,
TX_54B37B3F704F,USR_08654,USDT,20260809,2026-08-10 01:39:48+05:30,TRADE,SELL,173.83170996,89.5561,15567.69,23.35,15544.34,COMPLETED,INTERNAL_MATCH,MOBILE_APP,False,
TX_C2CFBB7BCC7E,USR_09484,USDT,20260809,2026-08-10 01:46:51+05:30,WITHDRAWAL,,6412.10688246,89.2195,572084.97,10.0,572074.97,COMPLETED,ON_CHAIN_TRANSFER,MOBILE_APP,False,
TX_BE093877C823,USR_06939,ETH,20260809,2026-08-10 01:53:08+05:30,TRADE,SELL,0.16522137,305031.6695,50397.75,75.6,50322.15,COMPLETED,INTERNAL_MATCH,WEB_PORTAL,False,
TX_1F51EF4E5124,USR_07693,POL,20260809,2026-08-10 01:53:21+05:30,TRADE,SELL,895.00221774,48.2474,43181.53,64.77,43116.76,COMPLETED,INTERNAL_MATCH,MOBILE_APP,False,
TX_3790F4FFCB5F,USR_06864,BTC,20260809,2026-08-10 02:24:43+05:30,TRADE,BUY,0.00865446,7810701.9534,67597.38,101.4,67698.78,COMPLETED,INTERNAL_MATCH,MOBILE_APP,False,
TX_93573C76E34D,USR_02443,USDT,20260809,2026-08-10 02:26:12+05:30,TRADE,BUY,505.7367139,89.6576,45343.14,68.01,45411.15,COMPLETED,INTERNAL_MATCH,MOBILE_APP,False,
TX_2DEA9AD62EB1,USR_08310,POL,20260809,2026-08-10 03:39:36+05:30,TRADE,SELL,73.11822936,47.1152,3444.98,5.17,3439.81,COMPLETED,INTERNAL_MATCH,MOBILE_APP,False,
TX_0AE037B5A0FC,USR_06850,USDT,20260809,2026-08-10 04:14:03+05:30,WITHDRAWAL,,5316.57169991,89.7156,476979.42,10.0,476969.42,COMPLETED,ON_CHAIN_TRANSFER,MOBILE_APP,False,
TX_81A11DB5A382,USR_06931,BTC,20260809,2026-08-10 05:10:48+05:30,DEPOSIT,,0.00418569,7705818.1344,32254.19,0.0,32254.19,COMPLETED,UPI,API_KEY,False,
TX_AEB558938036,USR_08901,POL,20260810,2026-08-10 06:32:10+05:30,TRADE,SELL,1192.25992768,48.8936,58293.88,87.44,58206.44,COMPLETED,INTERNAL_MATCH,WEB_PORTAL,False,
TX_ANO_VEL_1CAF329E,USR_02014,USDT,20260810,2026-08-10 06:33:52+05:30,TRADE,BUY,100.0,89.5,8950.0,13.42,8963.42,COMPLETED,INTERNAL_MATCH,API_KEY,True,VELOCITY_BURST
TX_E26A1CD23632,USR_01703,SOL,20260810,2026-08-10 06:35:58+05:30,DEPOSIT,,3.16915463,16793.7372,53221.95,0.0,53221.95,COMPLETED,IMPS,API_KEY,False,
TX_2A9BF1569D86,USR_09152,XRP,20260810,2026-08-10 06:46:22+05:30,TRADE,BUY,434.76122353,53.125,23096.69,34.65,23131.34,COMPLETED,INTERNAL_MATCH,WEB_PORTAL,False,
TX_4DB5DDF9456F,USR_08070,SOL,20260810,2026-08-10 06:48:30+05:30,TRADE,BUY,2.17349647,17510.7853,38059.63,57.09,38116.72,COMPLETED,INTERNAL_MATCH,MOBILE_APP,False,
TX_D98F8CB5A0E2,USR_00155,USDT,20260810,2026-08-10 07:11:05+05:30,TRADE,BUY,380.10423528,89.7201,34102.99,51.15,34154.14,COMPLETED,INTERNAL_MATCH,MOBILE_APP,False,
TX_E36CB28717F1,USR_08679,BTC,20260810,2026-08-10 07:54:00+05:30,WITHDRAWAL,,0.0052685,7946014.5022,41863.57,25.0,41838.57,COMPLETED,NEFT,API_KEY,False,
TX_B51518459A3E,USR_02924,ETH,20260810,2026-08-10 07:58:12+05:30,TRADE,SELL,0.02659216,317939.2392,8454.69,12.68,8442.01,COMPLETED,INTERNAL_MATCH,MOBILE_APP,False,
TX_00D931761A4E,USR_02205,ETH,20260810,2026-08-10 08:26:37+05:30,WITHDRAWAL,,1.66732377,294613.2595,491215.69,25.0,491190.69,COMPLETED,IMPS,WEB_PORTAL,False,
TX_7ABB2B66C573,USR_01633,USDT,20260810,2026-08-10 08:34:43+05:30,TRADE,SELL,30.69497983,89.3436,2742.4,4.11,2738.29,COMPLETED,INTERNAL_MATCH,WEB_PORTAL,False,
TX_578C778FF843,USR_07480,ETH,20260810,2026-08-10 08:51:07+05:30,TRADE,BUY,2.06643809,312575.7672,645918.47,516.73,646435.2,COMPLETED,INTERNAL_MATCH,MOBILE_APP,False,
TX_ECE1CBECC264,USR_00196,BTC,20260810,2026-08-10 10:30:50+05:30,TRADE,BUY,0.00297969,7983509.3526,23788.37,35.68,23824.05,COMPLETED,INTERNAL_MATCH,MOBILE_APP,False,
TX_065BA0DB0358,USR_09096,ETH,20260810,2026-08-10 10:54:31+05:30,DEPOSIT,,0.16141334,311098.6315,50215.47,0.0,50215.47,COMPLETED,UPI,API_KEY,False,
TX_5C273B6BFD44,USR_02260,BTC,20260810,2026-08-10 12:13:15+05:30,DEPOSIT,,0.00143556,7884294.5181,11318.37,0.0,11318.37,COMPLETED,IMPS,MOBILE_APP,False,
TX_B924E3E96B81,USR_02757,BTC,20260810,2026-08-10 13:55:43+05:30,TRADE,BUY,0.00821546,7749241.7503,63663.6,95.5,63759.1,COMPLETED,INTERNAL_MATCH,MOBILE_APP,False,
TX_EBC88DC47191,USR_05950,ETH,20260810,2026-08-10 14:16:19+05:30,DEPOSIT,,0.1638059,322005.1238,52746.34,0.0,52746.34,COMPLETED,IMPS,MOBILE_APP,False,
TX_29EFC3A1F2BC,USR_07170,ETH,20260810,2026-08-10 16:35:27+05:30,WITHDRAWAL,,0.1230954,305992.2606,37666.24,25.0,37641.24,COMPLETED,ON_CHAIN_TRANSFER,WEB_PORTAL,False,
TX_FE2568C6C498,USR_02568,USDT,20260810,2026-08-10 17:26:39+05:30,WITHDRAWAL,,4508.1043389,89.631,404065.9,10.0,404055.9,COMPLETED,ON_CHAIN_TRANSFER,MOBILE_APP,False,
TX_42A2AA2D954F,USR_05465,BTC,20260810,2026-08-10 18:11:12+05:30,TRADE,SELL,0.00053987,7778683.8938,4199.44,6.3,4193.14,COMPLETED,INTERNAL_MATCH,MOBILE_APP,False,
TX_683A910CEDA4,USR_05613,BTC,20260810,2026-08-10 18:53:53+05:30,TRADE,BUY,0.00739515,7692786.2778,56889.31,85.33,56974.64,COMPLETED,INTERNAL_MATCH,API_KEY,False,
TX_99AE42188BF7,USR_07569,USDT,20260810,2026-08-10 19:25:13+05:30,WITHDRAWAL,,698.2723476,89.3351,62380.23,10.0,62370.23,COMPLETED,ON_CHAIN_TRANSFER,MOBILE_APP,False,
TX_290B6C2CA677,USR_05489,SOL,20260810,2026-08-10 20:06:14+05:30,TRADE,BUY,0.06893005,15086.0191,1039.88,1.56,1041.44,COMPLETED,INTERNAL_MATCH,MOBILE_APP,False,
TX_9855D2D016A0,USR_03561,BTC,20260810,2026-08-10 20:47:07+05:30,TRADE,BUY,0.0060148,8052106.2155,48431.83,72.65,48504.48,COMPLETED,INTERNAL_MATCH,MOBILE_APP,False,
TX_D94682C95D2E,USR_02212,BTC,20260810,2026-08-10 21:52:08+05:30,TRADE,SELL,0.00072386,7787097.6428,5636.76,8.46,5628.3,COMPLETED,INTERNAL_MATCH,MOBILE_APP,False,
TX_C2DC446E1278,USR_09703,BTC,20260810,2026-08-10 23:29:26+05:30,TRADE,BUY,0.06589006,7712993.3544,508209.6,406.57,508616.17,COMPLETED,INTERNAL_MATCH,API_KEY,False,
TX_4E67FD6222F0,USR_09587,POL,20260810,2026-08-11 00:16:56+05:30,TRADE,BUY,115.94013493,46.7518,5420.41,8.13,5428.54,COMPLETED,INTERNAL_MATCH,MOBILE_APP,False,
TX_D8248DDD3EA5,USR_04538,BTC,20260810,2026-08-11 01:47:51+05:30,TRADE,BUY,0.00084437,7639301.7461,6450.42,9.68,6460.1,COMPLETED,INTERNAL_MATCH,MOBILE_APP,False,
TX_B85E5DB27350,USR_03509,ETH,20260810,2026-08-11 02:35:29+05:30,DEPOSIT,,0.01889055,300244.3274,5671.78,0.0,5671.78,COMPLETED,IMPS,MOBILE_APP,False,
TX_1E828D27F9E5,USR_00431,XRP,20260810,2026-08-11 03:45:47+05:30,TRADE,BUY,64.89596322,53.4138,3466.34,5.2,3471.54,COMPLETED,INTERNAL_MATCH,API_KEY,False,
TX_51E1A00C08A7,USR_09745,BTC,20260810,2026-08-11 03:48:10+05:30,TRADE,SELL,0.00412167,7968822.9568,32844.85,49.27,32795.58,COMPLETED,INTERNAL_MATCH,MOBILE_APP,False,
TX_661A5874849A,USR_07731,SOL,20260810,2026-08-11 04:20:12+05:30,WITHDRAWAL,,0.29262065,17430.4511,5100.51,25.0,5075.51,COMPLETED,ON_CHAIN_TRANSFER,API_KEY,False,
TX_B62BDD971FE3,USR_01146,ETH,20260810,2026-08-11 04:29:38+05:30,DEPOSIT,,0.15226666,312149.3509,47529.94,0.0,47529.94,COMPLETED,UPI,MOBILE_APP,False,
TX_C262DFEB957C,USR_01068,BTC,20260810,2026-08-11 04:36:12+05:30,TRADE,SELL,0.00833078,7577938.2223,63130.15,94.7,63035.45,COMPLETED,INTERNAL_MATCH,MOBILE_APP,False,
TX_17458427AFAE,USR_09989,SOL,20260810,2026-08-11 04:56:34+05:30,DEPOSIT,,1.70697353,17057.517,29116.73,0.0,29116.73,COMPLETED,IMPS,MOBILE_APP,False,
TX_77CF514502D3,USR_06148,USDT,20260811,2026-08-11 08:12:04+05:30,WITHDRAWAL,,8269.96626352,89.4877,740060.26,10.0,740050.26,COMPLETED,ON_CHAIN_TRANSFER,API_KEY,False,
TX_41F67E7D536B,USR_00463,USDT,20260811,2026-08-11 08:59:44+05:30,TRADE,SELL,535.85160749,89.425,47918.53,71.88,47846.65,COMPLETED,INTERNAL_MATCH,MOBILE_APP,False,
TX_59BB72D02746,USR_08289,ETH,20260811,2026-08-11 09:02:38+05:30,TRADE,BUY,0.03332414,321217.8821,10704.31,16.06,10720.37,COMPLETED,INTERNAL_MATCH,API_KEY,False,
TX_B6113235EE21,USR_04369,BTC,20260811,2026-08-11 09:47:51+05:30,TRADE,SELL,0.00077809,7559752.2536,5882.16,8.82,5873.34,COMPLETED,INTERNAL_MATCH,MOBILE_APP,False,
TX_8E6A99968913,USR_05142,SOL,20260811,2026-08-11 11:23:30+05:30,TRADE,SELL,2.4883515,16792.2739,41785.08,62.68,41722.4,COMPLETED,INTERNAL_MATCH,MOBILE_APP,False,
TX_160548F3F80D,USR_07224,BTC,20260811,2026-08-11 11:24:59+05:30,TRADE,SELL,0.00062815,7397856.9153,4646.94,6.97,4639.97,CANCELLED,INTERNAL_MATCH,MOBILE_APP,False,
TX_16483C8960DE,USR_06460,BTC,20260811,2026-08-11 12:14:52+05:30,WITHDRAWAL,,0.00635446,7710744.3953,48997.59,25.0,48972.59,COMPLETED,ON_CHAIN_TRANSFER,MOBILE_APP,False,
TX_A8EC6FB1550C,USR_02962,BTC,20260811,2026-08-11 13:03:24+05:30,TRADE,BUY,0.0003651,7515996.1607,2744.1,4.12,2748.22,COMPLETED,INTERNAL_MATCH,MOBILE_APP,False,
TX_5883FA58A8F2,USR_05379,ETH,20260811,2026-08-11 14:13:22+05:30,TRADE,BUY,0.01053332,309330.7261,3258.28,4.89,3263.17,COMPLETED,INTERNAL_MATCH,MOBILE_APP,False,
TX_3E0F91443E31,USR_09232,ETH,20260811,2026-08-11 14:26:23+05:30,TRADE,SELL,0.16817941,307845.1186,51773.21,77.66,51695.55,COMPLETED,INTERNAL_MATCH,MOBILE_APP,False,
TX_69F709F96AB4,USR_05922,USDT,20260811,2026-08-11 15:03:48+05:30,TRADE,BUY,9685.10380052,89.4745,866569.82,693.26,867263.08,CANCELLED,INTERNAL_MATCH,WEB_PORTAL,False,
TX_D036C7B0623A,USR_04476,USDT,20260811,2026-08-11 15:38:15+05:30,TRADE,SELL,189.23936188,89.701,16974.96,25.46,16949.5,COMPLETED,INTERNAL_MATCH,MOBILE_APP,False,
TX_959497F89EE1,USR_00439,USDT,20260811,2026-08-11 16:04:47+05:30,DEPOSIT,,549.76744446,89.355,49124.47,0.0,49124.47,COMPLETED,UPI,MOBILE_APP,False,
TX_E4C746D65084,USR_04521,POL,20260811,2026-08-11 16:33:48+05:30,WITHDRAWAL,,91.13925568,50.0432,4560.9,25.0,4535.9,COMPLETED,IMPS,MOBILE_APP,False,
TX_6F3A24BF27CB,USR_09800,USDT,20260811,2026-08-11 17:23:23+05:30,TRADE,BUY,18.13458491,89.594,1624.75,2.44,1627.19,COMPLETED,INTERNAL_MATCH,MOBILE_APP,False,
TX_1552FCEB6BA4,USR_09295,USDT,20260811,2026-08-11 17:33:49+05:30,DEPOSIT,,23.83951367,89.6176,2136.44,0.0,2136.44,COMPLETED,NEFT,MOBILE_APP,False,
TX_6064BE3B5F9B,USR_04201,BTC,20260811,2026-08-11 17:51:56+05:30,TRADE,BUY,0.00521204,7608072.011,39653.57,59.48,39713.05,COMPLETED,INTERNAL_MATCH,MOBILE_APP,False,
TX_D6D185DFF981,USR_07902,BTC,20260811,2026-08-11 19:13:48+05:30,TRADE,BUY,0.00614134,7354760.3108,45168.12,67.75,45235.87,COMPLETED,INTERNAL_MATCH,MOBILE_APP,False,
TX_D81BA8022DAA,USR_04582,BTC,20260811,2026-08-11 19:48:21+05:30,TRADE,BUY,0.0006422,7689601.7763,4938.24,7.41,4945.65,COMPLETED,INTERNAL_MATCH,WEB_PORTAL,False,
TX_773B8B3359F1,USR_00925,POL,20260811,2026-08-11 21:14:13+05:30,DEPOSIT,,85.78436524,44.7247,3836.68,0.0,3836.68,COMPLETED,UPI,WEB_PORTAL,False,
TX_BC77307716A0,USR_08497,BTC,20260811,2026-08-11 21:59:18+05:30,TRADE,BUY,0.06762466,8044596.9183,544013.11,435.21,544448.32,COMPLETED,INTERNAL_MATCH,WEB_PORTAL,False,
TX_8676670C3784,USR_03933,BTC,20260811,2026-08-11 22:57:02+05:30,TRADE,BUY,0.0108425,7967016.2874,86382.41,129.57,86511.98,COMPLETED,INTERNAL_MATCH,MOBILE_APP,False,
TX_93440EE9A5B3,USR_01233,ETH,20260811,2026-08-11 23:04:25+05:30,WITHDRAWAL,,0.17131756,308098.6589,52782.71,25.0,52757.71,COMPLETED,ON_CHAIN_TRANSFER,MOBILE_APP,False,
TX_DDCCF28AC37A,USR_08271,USDT,20260811,2026-08-11 23:06:56+05:30,TRADE,BUY,533.07020042,89.5365,47729.24,71.59,47800.83,COMPLETED,INTERNAL_MATCH,WEB_PORTAL,False,
TX_DF1C1E5EF26A,USR_04800,USDT,20260811,2026-08-12 00:19:16+05:30,WITHDRAWAL,,58.84941487,89.3302,5257.03,10.0,5247.03,COMPLETED,IMPS,MOBILE_APP,False,
TX_46F10C347EEF,USR_04492,ETH,20260811,2026-08-12 00:24:14+05:30,DEPOSIT,,0.10569708,304483.3401,32183.0,0.0,32183.0,COMPLETED,NEFT,MOBILE_APP,False,
TX_C29CA483C46B,USR_08228,SOL,20260811,2026-08-12 00:34:14+05:30,TRADE,SELL,0.13531798,18345.7508,2482.51,3.72,2478.79,COMPLETED,INTERNAL_MATCH,WEB_PORTAL,False,
TX_12BED18078B7,USR_05697,BTC,20260811,2026-08-12 00:41:54+05:30,TRADE,SELL,0.00053077,7741601.7291,4109.03,6.16,4102.87,COMPLETED,INTERNAL_MATCH,MOBILE_APP,False,
TX_A03B3A7AD489,USR_08779,BTC,20260811,2026-08-12 00:49:36+05:30,DEPOSIT,,0.00815365,7974822.776,65023.94,0.0,65023.94,COMPLETED,UPI,MOBILE_APP,False,
TX_DB4A0B087326,USR_00543,BTC,20260811,2026-08-12 02:00:40+05:30,TRADE,BUY,0.00085008,7912164.9781,6725.96,10.09,6736.05,COMPLETED,INTERNAL_MATCH,MOBILE_APP,False,
TX_9A6D4298E315,USR_00626,ETH,20260811,2026-08-12 02:09:46+05:30,DEPOSIT,,0.01500864,330636.9056,4962.41,0.0,4962.41,COMPLETED,UPI,MOBILE_APP,False,
TX_FE4104ECE715,USR_07615,SOL,20260811,2026-08-12 02:19:32+05:30,WITHDRAWAL,,2.88756132,15200.4183,43892.14,25.0,43867.14,COMPLETED,NEFT,WEB_PORTAL,False,
TX_AAFE0F9FC023,USR_07522,ETH,20260811,2026-08-12 03:50:17+05:30,TRADE,BUY,1.74566111,316473.2126,552454.98,441.96,552896.94,COMPLETED,INTERNAL_MATCH,MOBILE_APP,False,
TX_FE30E04A5AE0,USR_05784,XRP,20260811,2026-08-12 05:15:44+05:30,TRADE,BUY,511.27196486,53.0848,27140.77,40.71,27181.48,CANCELLED,INTERNAL_MATCH,WEB_PORTAL,False,
TX_BF737D4229F9,USR_04157,BTC,20260812,2026-08-12 06:20:06+05:30,WITHDRAWAL,,0.00432007,7972666.7637,34442.5,25.0,34417.5,COMPLETED,ON_CHAIN_TRANSFER,WEB_PORTAL,False,
TX_16A331AC5D97,USR_06006,BTC,20260812,2026-08-12 07:21:51+05:30,TRADE,BUY,0.00045279,7932316.6137,3591.66,5.39,3597.05,COMPLETED,INTERNAL_MATCH,MOBILE_APP,False,
TX_AE26A089DE93,USR_03984,USDT,20260812,2026-08-12 08:01:02+05:30,TRADE,BUY,15.10500826,89.3644,1349.85,2.02,1351.87,COMPLETED,INTERNAL_MATCH,MOBILE_APP,False,
TX_9FC20CE6B58B,USR_06693,BTC,20260812,2026-08-12 08:02:40+05:30,DEPOSIT,,0.00468103,7889371.9437,36930.4,0.0,36930.4,COMPLETED,IMPS,MOBILE_APP,False,
TX_236C02AD32FE,USR_05987,USDT,20260812,2026-08-12 08:45:58+05:30,DEPOSIT,,651.13506205,89.4885,58269.1,0.0,58269.1,COMPLETED,NEFT,MOBILE_APP,False,
TX_910788BE00D7,USR_07279,ETH,20260812,2026-08-12 08:47:09+05:30,TRADE,SELL,0.12301966,313943.8745,38621.27,57.93,38563.34,COMPLETED,INTERNAL_MATCH,WEB_PORTAL,False,
TX_81C680109520,USR_00972,ETH,20260812,2026-08-12 09:25:12+05:30,TRADE,SELL,0.18750138,315524.0205,59161.19,88.74,59072.45,COMPLETED,INTERNAL_MATCH,MOBILE_APP,False,
TX_BA25F5AA2E4D,USR_09647,ETH,20260812,2026-08-12 10:41:09+05:30,TRADE,SELL,0.10121726,322032.3395,32595.23,48.89,32546.34,COMPLETED,INTERNAL_MATCH,MOBILE_APP,False,
TX_DEF30C539662,USR_06282,ETH,20260812,2026-08-12 12:00:33+05:30,DEPOSIT,,1.41097842,306419.2299,432350.92,0.0,432350.92,COMPLETED,UPI,API_KEY,False,
TX_6ABBC283B217,USR_08333,POL,20260812,2026-08-12 12:22:42+05:30,TRADE,SELL,6709.12809511,50.4344,338370.85,270.7,338100.15,COMPLETED,INTERNAL_MATCH,API_KEY,False,
TX_849160350BB3,USR_04819,BTC,20260812,2026-08-12 14:27:09+05:30,TRADE,SELL,0.00646203,7825847.854,50570.9,75.86,50495.04,COMPLETED,INTERNAL_MATCH,WEB_PORTAL,False,
TX_548D84E082C7,USR_02613,USDT,20260812,2026-08-12 14:35:33+05:30,TRADE,SELL,34.95465418,89.3798,3124.24,4.69,3119.55,COMPLETED,INTERNAL_MATCH,WEB_PORTAL,False,
TX_25811847F2E0,USR_07788,USDT,20260812,2026-08-12 15:17:51+05:30,TRADE,BUY,54.37286369,89.7867,4881.96,7.32,4889.28,COMPLETED,INTERNAL_MATCH,WEB_PORTAL,False,
TX_CD0F61047460,USR_05876,SOL,20260812,2026-08-12 16:13:03+05:30,TRADE,SELL,4.94316898,15415.1295,76199.59,114.3,76085.29,COMPLETED,INTERNAL_MATCH,API_KEY,False,
TX_92BA9D4BC1C8,USR_02121,ETH,20260812,2026-08-12 16:52:33+05:30,DEPOSIT,,0.01210077,286609.9375,3468.2,0.0,3468.2,COMPLETED,NEFT,API_KEY,False,
TX_4B2C63111B6A,USR_00378,BTC,20260812,2026-08-12 17:45:41+05:30,TRADE,BUY,0.00544628,7565304.4552,41202.77,61.8,41264.57,COMPLETED,INTERNAL_MATCH,WEB_PORTAL,False,
TX_8EAD883CD663,USR_05356,ETH,20260812,2026-08-12 18:55:21+05:30,DEPOSIT,,0.02177047,317734.5974,6917.23,0.0,6917.23,FAILED,IMPS,MOBILE_APP,False,
TX_BCCB15ABFEEA,USR_08302,BTC,20260812,2026-08-12 20:04:27+05:30,TRADE,SELL,0.06402808,7473631.0955,478522.25,382.82,478139.43,COMPLETED,INTERNAL_MATCH,MOBILE_APP,False,
TX_D26744ED7D87,USR_02820,USDT,20260812,2026-08-12 20:44:25+05:30,DEPOSIT,,509.37571875,89.5654,45622.44,0.0,45622.44,COMPLETED,NEFT,MOBILE_APP,False,
TX_54C72753A689,USR_04063,USDT,20260812,2026-08-12 21:28:20+05:30,WITHDRAWAL,,370.02735369,89.6771,33182.98,10.0,33172.98,COMPLETED,ON_CHAIN_TRANSFER,WEB_PORTAL,False,
TX_C06B20E0A6D3,USR_07987,USDT,20260812,2026-08-12 21:56:16+05:30,TRADE,BUY,28.65301428,89.3714,2560.76,3.84,2564.6,COMPLETED,INTERNAL_MATCH,MOBILE_APP,False,
TX_97B5F9BDB03B,USR_07587,BTC,20260812,2026-08-12 22:04:21+05:30,TRADE,BUY,0.00708001,7953804.1432,56312.98,84.47,56397.45,CANCELLED,INTERNAL_MATCH,MOBILE_APP,False,
TX_A627F3EBDC46,USR_01030,BTC,20260812,2026-08-12 22:15:41+05:30,TRADE,BUY,0.00095751,7411523.8146,7096.64,10.64,7107.28,CANCELLED,INTERNAL_MATCH,WEB_PORTAL,False,
TX_CAB80F2C8892,USR_03091,ETH,20260812,2026-08-12 22:15:52+05:30,TRADE,SELL,0.19951911,315001.3989,62848.8,94.27,62754.53,COMPLETED,INTERNAL_MATCH,MOBILE_APP,False,
TX_4C4E83A21AF0,USR_01325,ETH,20260812,2026-08-12 22:49:27+05:30,TRADE,SELL,0.22290789,304678.3189,67915.2,101.87,67813.33,COMPLETED,INTERNAL_MATCH,MOBILE_APP,False,
TX_F62248B382F3,USR_08164,BTC,20260812,2026-08-13 01:12:23+05:30,TRADE,SELL,0.00774541,7878809.3673,61024.61,91.54,60933.07,COMPLETED,INTERNAL_MATCH,MOBILE_APP,False,
TX_883C81C5804F,USR_07161,SOL,20260812,2026-08-13 03:26:22+05:30,TRADE,BUY,2.5865455,15061.355,38956.88,58.44,39015.32,COMPLETED,INTERNAL_MATCH,MOBILE_APP,False,
TX_35955E1F18E0,USR_04682,SOL,20260812,2026-08-13 04:03:16+05:30,DEPOSIT,,2.18958132,16350.5642,35800.89,0.0,35800.89,COMPLETED,NEFT,MOBILE_APP,False,
TX_3D07DD0C78C5,USR_07649,USDT,20260812,2026-08-13 04:09:14+05:30,DEPOSIT,,7.86642741,89.165,701.41,0.0,701.41,CANCELLED,NEFT,WEB_PORTAL,False,
TX_AFC499DEF5E9,USR_09445,BTC,20260813,2026-08-13 06:12:26+05:30,TRADE,BUY,0.00434792,8119000.3469,35300.73,52.95,35353.68,FAILED,INTERNAL_MATCH,MOBILE_APP,False,
TX_32626200C4DA,USR_04932,BTC,20260813,2026-08-13 06:12:50+05:30,TRADE,BUY,0.05133712,7598518.3062,390086.08,312.07,390398.15,FAILED,INTERNAL_MATCH,WEB_PORTAL,False,
TX_86394918E9AC,USR_04948,USDT,20260813,2026-08-13 06:21:36+05:30,WITHDRAWAL,,63.29022844,89.5026,5664.64,10.0,5654.64,COMPLETED,IMPS,WEB_PORTAL,False,
TX_3E78C491BBF6,USR_09040,BTC,20260813,2026-08-13 06:23:19+05:30,TRADE,SELL,0.00078686,7924676.3113,6235.61,9.35,6226.26,COMPLETED,INTERNAL_MATCH,MOBILE_APP,False,
TX_7FD083649CE6,USR_09545,BTC,20260813,2026-08-13 06:41:34+05:30,TRADE,BUY,0.00964375,8003697.076,77185.65,115.78,77301.43,COMPLETED,INTERNAL_MATCH,API_KEY,False,
TX_BB8AB7C34164,USR_09404,ETH,20260813,2026-08-13 06:48:08+05:30,DEPOSIT,,1.0928733,290332.8956,317297.07,0.0,317297.07,COMPLETED,UPI,API_KEY,False,
TX_60823358784A,USR_08061,POL,20260813,2026-08-13 07:00:32+05:30,WITHDRAWAL,,94.9185717,48.9449,4645.78,25.0,4620.78,COMPLETED,ON_CHAIN_TRANSFER,WEB_PORTAL,False,
TX_5871AEDFAAF6,USR_05070,USDT,20260813,2026-08-13 07:29:53+05:30,TRADE,SELL,643.63068429,89.479,57591.43,86.39,57505.04,COMPLETED,INTERNAL_MATCH,MOBILE_APP,False,
TX_F19B4B8A2972,USR_04175,SOL,20260813,2026-08-13 08:03:09+05:30,TRADE,BUY,0.27811884,15907.0488,4424.05,6.64,4430.69,COMPLETED,INTERNAL_MATCH,MOBILE_APP,False,
TX_DDDF3E01FA54,USR_00403,BTC,20260813,2026-08-13 08:30:40+05:30,WITHDRAWAL,,0.00416611,7985307.6067,33267.63,25.0,33242.63,COMPLETED,ON_CHAIN_TRANSFER,MOBILE_APP,False,
TX_C01AB63F5126,USR_06481,ETH,20260813,2026-08-13 09:33:12+05:30,DEPOSIT,,0.14364553,301733.5141,43342.67,0.0,43342.67,COMPLETED,UPI,MOBILE_APP,False,
TX_420FC9F43BBC,USR_00715,USDT,20260813,2026-08-13 12:14:55+05:30,TRADE,SELL,98.05435392,89.5538,8781.14,13.17,8767.97,COMPLETED,INTERNAL_MATCH,WEB_PORTAL,False,
TX_26474486EA72,USR_00576,XRP,20260813,2026-08-13 14:23:17+05:30,TRADE,BUY,27.48372548,52.0599,1430.8,2.15,1432.95,COMPLETED,INTERNAL_MATCH,API_KEY,False,
TX_FE487D0FC778,USR_07602,ETH,20260813,2026-08-13 14:25:50+05:30,TRADE,BUY,0.08761004,295523.6701,25890.84,38.84,25929.68,COMPLETED,INTERNAL_MATCH,MOBILE_APP,False,
TX_C67BB103ED89,USR_09043,ETH,20260813,2026-08-13 14:57:16+05:30,TRADE,SELL,0.21360837,293597.6734,62714.92,94.07,62620.85,COMPLETED,INTERNAL_MATCH,WEB_PORTAL,False,
TX_F8A9D2549331,USR_05585,BTC,20260813,2026-08-13 16:29:38+05:30,TRADE,BUY,0.00057028,7610278.6238,4340.0,6.51,4346.51,COMPLETED,INTERNAL_MATCH,MOBILE_APP,False,
TX_98E196D63B32,USR_05530,ETH,20260813,2026-08-13 16:47:27+05:30,WITHDRAWAL,,0.00274326,302235.3339,829.11,25.0,804.11,COMPLETED,ON_CHAIN_TRANSFER,MOBILE_APP,False,
TX_EE01E0D2831B,USR_08240,ETH,20260813,2026-08-13 16:52:21+05:30,TRADE,BUY,0.01244336,311689.1006,3878.46,5.82,3884.28,COMPLETED,INTERNAL_MATCH,WEB_PORTAL,False,
TX_DFD8C9048F99,USR_09367,BTC,20260813,2026-08-13 17:22:59+05:30,TRADE,SELL,0.00102189,7926495.7855,8100.0,12.15,8087.85,COMPLETED,INTERNAL_MATCH,MOBILE_APP,False,
TX_47594B7383AB,USR_01973,ETH,20260813,2026-08-13 17:42:43+05:30,TRADE,SELL,0.13744226,319528.6448,43916.74,65.88,43850.86,COMPLETED,INTERNAL_MATCH,MOBILE_APP,False,
TX_0E0BA4C5242E,USR_00258,USDT,20260813,2026-08-13 19:04:33+05:30,TRADE,BUY,901.45953034,89.5288,80706.59,121.06,80827.65,COMPLETED,INTERNAL_MATCH,MOBILE_APP,False,
TX_D815CCA88B31,USR_05772,ETH,20260813,2026-08-13 19:26:28+05:30,TRADE,SELL,0.01583592,311905.4606,4939.31,7.41,4931.9,COMPLETED,INTERNAL_MATCH,MOBILE_APP,False,
TX_19DC3A0B7097,USR_08153,BTC,20260813,2026-08-13 19:46:03+05:30,TRADE,SELL,0.00315503,7683629.3671,24242.11,36.36,24205.75,COMPLETED,INTERNAL_MATCH,WEB_PORTAL,False,
TX_A1ED1B016C47,USR_07457,ETH,20260813,2026-08-13 20:21:49+05:30,TRADE,BUY,0.00923633,288693.7716,2666.47,4.0,2670.47,COMPLETED,INTERNAL_MATCH,MOBILE_APP,False,
TX_2D766404E3C3,USR_03690,USDT,20260813,2026-08-13 22:31:05+05:30,WITHDRAWAL,,772.21130877,89.5429,69146.04,10.0,69136.04,COMPLETED,ON_CHAIN_TRANSFER,MOBILE_APP,False,
TX_7F88C8FC17B6,USR_07582,BTC,20260813,2026-08-13 22:32:44+05:30,DEPOSIT,,0.0009996,7793139.1618,7789.99,0.0,7789.99,COMPLETED,NEFT,MOBILE_APP,False,
TX_8642E294263F,USR_06173,ETH,20260813,2026-08-13 22:46:45+05:30,WITHDRAWAL,,0.08135329,312358.373,25411.38,25.0,25386.38,COMPLETED,ON_CHAIN_TRANSFER,MOBILE_APP,False,
TX_F65C201A507F,USR_02682,BTC,20260813,2026-08-14 00:07:40+05:30,TRADE,SELL,0.0099517,7651501.8405,76145.48,114.22,76031.26,COMPLETED,INTERNAL_MATCH,MOBILE_APP,False,
TX_3EC4A92F3C4D,USR_03572,SOL,20260813,2026-08-14 01:29:16+05:30,TRADE,SELL,0.49895658,16033.9604,8000.25,12.0,7988.25,COMPLETED,INTERNAL_MATCH,MOBILE_APP,False,
TX_6872563C4C8D,USR_06730,ETH,20260813,2026-08-14 03:16:02+05:30,WITHDRAWAL,,0.19831862,305369.0093,60560.36,25.0,60535.36,COMPLETED,NEFT,MOBILE_APP,False,
TX_4ADCFB6B13D2,USR_02255,ETH,20260813,2026-08-14 04:11:57+05:30,TRADE,BUY,1.56438545,309377.3216,483985.38,387.19,484372.57,COMPLETED,INTERNAL_MATCH,MOBILE_APP,False,
TX_D98549906F50,USR_06109,BTC,20260814,2026-08-14 06:47:36+05:30,TRADE,BUY,0.00702756,7830536.1939,55029.6,82.54,55112.14,COMPLETED,INTERNAL_MATCH,MOBILE_APP,False,
TX_A63F11E8C836,USR_09995,BTC,20260814,2026-08-14 07:03:19+05:30,DEPOSIT,,3.256e-05,7676981.0706,250.0,0.0,250.0,COMPLETED,UPI,WEB_PORTAL,False,
TX_0FB92DF2EAC4,USR_01338,ETH,20260814,2026-08-14 08:32:37+05:30,TRADE,BUY,0.10629824,289861.5177,30811.77,46.22,30857.99,COMPLETED,INTERNAL_MATCH,MOBILE_APP,False,
TX_7C2159F50929,USR_04111,SOL,20260814,2026-08-14 08:43:40+05:30,TRADE,SELL,2.0395078,16894.3703,34456.2,51.68,34404.52,COMPLETED,INTERNAL_MATCH,WEB_PORTAL,False,
TX_6B55D303CDBB,USR_01333,USDT,20260814,2026-08-14 09:45:21+05:30,TRADE,BUY,679.00955568,89.5174,60783.17,91.17,60874.34,COMPLETED,INTERNAL_MATCH,MOBILE_APP,False,
TX_E658533787D1,USR_02337,USDT,20260814,2026-08-14 10:36:18+05:30,TRADE,BUY,45.14140292,89.2768,4030.08,6.05,4036.13,COMPLETED,INTERNAL_MATCH,MOBILE_APP,False,
TX_A7614563680F,USR_05237,POL,20260814,2026-08-14 10:43:16+05:30,TRADE,BUY,1235.22345046,48.9952,60520.02,90.78,60610.8,COMPLETED,INTERNAL_MATCH,MOBILE_APP,False,
TX_61A0F296D8E8,USR_08488,SOL,20260814,2026-08-14 11:05:49+05:30,TRADE,BUY,2.04576076,16986.6979,34750.72,52.13,34802.85,COMPLETED,INTERNAL_MATCH,MOBILE_APP,False,
TX_060199C8A53B,USR_04904,ETH,20260814,2026-08-14 13:40:07+05:30,TRADE,SELL,0.15960527,310396.8239,49540.97,74.31,49466.66,COMPLETED,INTERNAL_MATCH,MOBILE_APP,False,
TX_BCC61D5FEC08,USR_08070,BTC,20260814,2026-08-14 14:57:16+05:30,DEPOSIT,,0.00246022,7860208.7501,19337.88,0.0,19337.88,COMPLETED,NEFT,WEB_PORTAL,False,
TX_4C336B6E7074,USR_02230,SOL,20260814,2026-08-14 15:20:59+05:30,TRADE,SELL,2.51489038,17117.6924,43049.12,64.57,42984.55,FAILED,INTERNAL_MATCH,MOBILE_APP,False,
TX_2FA15D8D205D,USR_08222,ETH,20260814,2026-08-14 15:45:15+05:30,TRADE,SELL,0.20700145,293371.0792,60728.24,91.09,60637.15,COMPLETED,INTERNAL_MATCH,MOBILE_APP,False,
TX_B3DF142F705F,USR_08408,BTC,20260814,2026-08-14 16:17:23+05:30,DEPOSIT,,0.00236232,7765289.4592,18344.1,0.0,18344.1,COMPLETED,NEFT,MOBILE_APP,False,
TX_7BB6E70D6859,USR_00655,ETH,20260814,2026-08-14 18:14:57+05:30,DEPOSIT,,0.15679424,310901.5442,48747.57,0.0,48747.57,COMPLETED,UPI,MOBILE_APP,False,
TX_56DCC1759755,USR_00182,BTC,20260814,2026-08-14 18:55:34+05:30,WITHDRAWAL,,0.00437104,7960844.8814,34797.16,25.0,34772.16,COMPLETED,ON_CHAIN_TRANSFER,MOBILE_APP,False,
TX_E1CCC95FC5F3,USR_05802,USDT,20260814,2026-08-14 20:19:02+05:30,TRADE,BUY,15.4361529,89.2703,1377.99,2.07,1380.06,FAILED,INTERNAL_MATCH,MOBILE_APP,False,
TX_69F9B2211C1C,USR_01508,ETH,20260814,2026-08-14 20:19:11+05:30,DEPOSIT,,0.15945264,294278.222,46923.44,0.0,46923.44,COMPLETED,IMPS,MOBILE_APP,False,
TX_3EBE50EA3A8C,USR_05799,BTC,20260814,2026-08-14 21:46:29+05:30,TRADE,SELL,0.00462302,7776519.8574,35951.0,53.93,35897.07,COMPLETED,INTERNAL_MATCH,MOBILE_APP,False,
TX_E1B1726B12A0,USR_04248,BTC,20260814,2026-08-14 22:11:02+05:30,TRADE,SELL,0.00275403,7756274.2037,21360.98,32.04,21328.94,COMPLETED,INTERNAL_MATCH,MOBILE_APP,False,
TX_D4565512A15C,USR_01873,BTC,20260814,2026-08-14 22:52:10+05:30,TRADE,BUY,0.00765031,7872811.0631,60229.48,90.34,60319.82,COMPLETED,INTERNAL_MATCH,MOBILE_APP,False,
TX_7478782D8083,USR_07352,XRP,20260814,2026-08-15 02:28:50+05:30,DEPOSIT,,20.98695839,49.6718,1042.46,0.0,1042.46,COMPLETED,NEFT,MOBILE_APP,False,
TX_B26A8A3F9581,USR_02871,USDT,20260814,2026-08-15 02:43:48+05:30,TRADE,SELL,38.13290202,89.4629,3411.48,5.12,3406.36,COMPLETED,INTERNAL_MATCH,MOBILE_APP,False,
TX_9A4579842726,USR_00728,BTC,20260814,2026-08-15 03:26:59+05:30,WITHDRAWAL,,0.00971003,7639324.5134,74178.04,25.0,74153.04,COMPLETED,ON_CHAIN_TRANSFER,API_KEY,False,
TX_A00FBADD5A24,USR_04652,BTC,20260814,2026-08-15 04:09:49+05:30,DEPOSIT,,0.00552909,7775365.8416,42990.72,0.0,42990.72,COMPLETED,UPI,MOBILE_APP,False,
TX_8909DD637E82,USR_01610,ETH,20260814,2026-08-15 04:16:11+05:30,TRADE,SELL,0.12516601,323445.0675,40484.33,60.73,40423.6,COMPLETED,INTERNAL_MATCH,MOBILE_APP,False,
TX_C3CB9CB25B70,USR_00245,BTC,20260814,2026-08-15 04:27:18+05:30,TRADE,SELL,0.02422883,7782322.2478,188556.54,150.85,188405.69,COMPLETED,INTERNAL_MATCH,API_KEY,False,
TX_A3C3136090C1,USR_06230,BTC,20260814,2026-08-15 04:58:41+05:30,TRADE,SELL,0.00113385,7991444.7512,9061.12,13.59,9047.53,COMPLETED,INTERNAL_MATCH,MOBILE_APP,False,
TX_8784354274AB,USR_02357,USDT,20260815,2026-08-15 05:39:06+05:30,DEPOSIT,,471.74339739,89.2602,42107.91,0.0,42107.91,COMPLETED,IMPS,MOBILE_APP,False,
TX_DE7926DB32A2,USR_02022,BTC,20260815,2026-08-15 08:06:49+05:30,TRADE,SELL,0.00112826,8061961.1455,9095.99,13.64,9082.35,COMPLETED,INTERNAL_MATCH,MOBILE_APP,False,
TX_6D4DD7FB1502,USR_08160,USDT,20260815,2026-08-15 08:19:06+05:30,TRADE,BUY,463.09390729,89.9025,41633.3,62.45,41695.75,COMPLETED,INTERNAL_MATCH,MOBILE_APP,False,
TX_963654171447,USR_02863,ETH,20260815,2026-08-15 09:01:09+05:30,TRADE,BUY,0.20281585,286082.1743,58022.0,87.03,58109.03,COMPLETED,INTERNAL_MATCH,MOBILE_APP,False,
TX_74CAFC9810A5,USR_02050,ETH,20260815,2026-08-15 10:06:43+05:30,TRADE,BUY,0.02424711,301888.7138,7319.93,10.98,7330.91,COMPLETED,INTERNAL_MATCH,MOBILE_APP,False,
TX_0AA97EABA9C3,USR_04355,ETH,20260815,2026-08-15 10:34:56+05:30,WITHDRAWAL,,0.129095,310119.5324,40034.88,25.0,40009.88,COMPLETED,ON_CHAIN_TRANSFER,MOBILE_APP,False,
TX_5F1834C94EBD,USR_02863,USDT,20260815,2026-08-15 11:04:07+05:30,TRADE,SELL,413.74992335,89.6965,37111.92,55.67,37056.25,COMPLETED,INTERNAL_MATCH,MOBILE_APP,False,
TX_888262AE5791,USR_05142,ETH,20260815,2026-08-15 11:45:57+05:30,TRADE,BUY,0.1586422,312032.3001,49501.49,74.25,49575.74,COMPLETED,INTERNAL_MATCH,MOBILE_APP,False,
TX_CA4DFAC61F78,USR_09560,ETH,20260815,2026-08-15 12:45:49+05:30,WITHDRAWAL,,0.14912345,318786.8095,47538.59,25.0,47513.59,COMPLETED,NEFT,API_KEY,False,
TX_BA8EB5D046EC,USR_07386,POL,20260815,2026-08-15 13:30:53+05:30,DEPOSIT,,1031.44326482,48.3016,49820.36,0.0,49820.36,COMPLETED,NEFT,WEB_PORTAL,False,
TX_D3D06D354EF7,USR_00582,BTC,20260815,2026-08-15 13:46:40+05:30,TRADE,SELL,0.00019421,7953609.5272,1544.66,2.32,1542.34,COMPLETED,INTERNAL_MATCH,WEB_PORTAL,False,
TX_1CF60A6D18C8,USR_01461,BTC,20260815,2026-08-15 14:34:42+05:30,WITHDRAWAL,,0.00563793,7692678.8027,43370.77,25.0,43345.77,COMPLETED,ON_CHAIN_TRANSFER,MOBILE_APP,False,
TX_A50CBCC0D259,USR_03514,ETH,20260815,2026-08-15 14:49:25+05:30,DEPOSIT,,0.17603683,295369.1597,51995.85,0.0,51995.85,COMPLETED,NEFT,MOBILE_APP,False,
TX_CD4727BB88D8,USR_04784,USDT,20260815,2026-08-15 15:15:51+05:30,WITHDRAWAL,,265.87616768,89.6438,23834.15,10.0,23824.15,COMPLETED,ON_CHAIN_TRANSFER,WEB_PORTAL,False,
TX_7C5733AFE77D,USR_03850,POL,20260815,2026-08-15 15:32:22+05:30,TRADE,BUY,1111.43399743,48.4966,53900.77,80.85,53981.62,COMPLETED,INTERNAL_MATCH,MOBILE_APP,False,
TX_7766416EBD20,USR_02730,BTC,20260815,2026-08-15 16:20:10+05:30,TRADE,BUY,0.00592798,7808496.8407,46288.65,69.43,46358.08,COMPLETED,INTERNAL_MATCH,MOBILE_APP,False,
TX_7EA8F90ACC55,USR_03006,BTC,20260815,2026-08-15 16:51:16+05:30,TRADE,SELL,0.00947957,7805637.4978,73994.09,110.99,73883.1,COMPLETED,INTERNAL_MATCH,MOBILE_APP,False,
TX_5EE9BE7752AF,USR_08387,BTC,20260815,2026-08-15 17:24:43+05:30,TRADE,SELL,0.00121983,7707291.9906,9401.55,14.1,9387.45,COMPLETED,INTERNAL_MATCH,MOBILE_APP,False,
TX_AF7804F88241,USR_05988,ETH,20260815,2026-08-15 17:41:22+05:30,WITHDRAWAL,,0.01213812,302740.455,3674.7,25.0,3649.7,COMPLETED,ON_CHAIN_TRANSFER,MOBILE_APP,False,
TX_0845D40512D8,USR_01571,POL,20260815,2026-08-15 17:42:53+05:30,TRADE,BUY,1215.59333815,47.1881,57361.54,86.04,57447.58,COMPLETED,INTERNAL_MATCH,MOBILE_APP,False,
TX_05485B3F2FF0,USR_04507,XRP,20260815,2026-08-15 19:00:17+05:30,TRADE,SELL,627.1736261,54.1687,33973.18,50.96,33922.22,COMPLETED,INTERNAL_MATCH,MOBILE_APP,False,
TX_0C79D98437C9,USR_04661,BTC,20260815,2026-08-15 20:02:25+05:30,TRADE,BUY,0.00676486,7590039.621,51345.57,77.02,51422.59,COMPLETED,INTERNAL_MATCH,MOBILE_APP,False,
TX_264CFB1DF53D,USR_00621,ETH,20260815,2026-08-15 20:51:12+05:30,DEPOSIT,,0.19255949,301636.4491,58082.96,0.0,58082.96,COMPLETED,UPI,WEB_PORTAL,False,
TX_AEBC9BA7284A,USR_00638,BTC,20260815,2026-08-15 22:39:16+05:30,TRADE,SELL,0.00050591,7954955.0308,4024.5,6.04,4018.46,COMPLETED,INTERNAL_MATCH,MOBILE_APP,False,
TX_AE6DDE426578,USR_05069,ETH,20260815,2026-08-16 02:24:54+05:30,DEPOSIT,,0.17395493,307876.8816,53556.7,0.0,53556.7,COMPLETED,UPI,MOBILE_APP,False,
TX_724333376A4D,USR_08607,USDT,20260815,2026-08-16 03:42:54+05:30,TRADE,SELL,479.79166014,89.3636,42875.91,64.31,42811.6,COMPLETED,INTERNAL_MATCH,WEB_PORTAL,False,
TX_A06E52C03F1A,USR_01344,USDT,20260815,2026-08-16 04:52:50+05:30,TRADE,SELL,57.66381633,89.5683,5164.85,7.75,5157.1,COMPLETED,INTERNAL_MATCH,MOBILE_APP,False,
TX_ANO_VEL_83C57438,USR_03666,USDT,20260816,2026-08-16 05:30:47+05:30,TRADE,BUY,100.0,89.5,8950.0,13.42,8963.42,COMPLETED,INTERNAL_MATCH,API_KEY,True,VELOCITY_BURST
TX_831B4D89ECC1,USR_01358,ETH,20260816,2026-08-16 06:58:03+05:30,WITHDRAWAL,,1.97927145,309019.4017,611633.28,25.0,611608.28,CANCELLED,NEFT,MOBILE_APP,False,
TX_99958904D2C9,USR_04508,ETH,20260816,2026-08-16 07:00:06+05:30,TRADE,SELL,0.1722376,312763.7615,53869.68,80.8,53788.88,COMPLETED,INTERNAL_MATCH,WEB_PORTAL,False,
TX_23C24D43D7F1,USR_07373,SOL,20260816,2026-08-16 07:28:59+05:30,WITHDRAWAL,,1.56940161,15408.6882,24182.42,25.0,24157.42,COMPLETED,ON_CHAIN_TRANSFER,MOBILE_APP,False,
TX_2B6D7C9D2F81,USR_01588,USDT,20260816,2026-08-16 08:02:35+05:30,DEPOSIT,,592.96602812,89.1502,52863.04,0.0,52863.04,COMPLETED,UPI,MOBILE_APP,False,
TX_8AD59D6FA44F,USR_08853,ETH,20260816,2026-08-16 09:08:44+05:30,WITHDRAWAL,,0.01267537,313420.5345,3972.72,25.0,3947.72,COMPLETED,NEFT,MOBILE_APP,False,
TX_DA31552EC127,USR_09063,BTC,20260816,2026-08-16 09:54:46+05:30,TRADE,SELL,0.00084737,7971451.9084,6754.78,10.13,6744.65,COMPLETED,INTERNAL_MATCH,MOBILE_APP,False,
TX_D53597440612,USR_02487,BTC,20260816,2026-08-16 09:58:24+05:30,TRADE,BUY,0.00671421,7808235.1303,52426.13,78.64,52504.77,COMPLETED,INTERNAL_MATCH,MOBILE_APP,False,
TX_14F2FBFEDFD2,USR_06004,SOL,20260816,2026-08-16 11:56:12+05:30,TRADE,BUY,2.53885012,16377.8987,41581.03,62.37,41643.4,COMPLETED,INTERNAL_MATCH,MOBILE_APP,False,
TX_CEF3F6F6AAEA,USR_00613,POL,20260816,2026-08-16 12:03:19+05:30,TRADE,SELL,1064.02659512,45.4369,48346.07,72.52,48273.55,COMPLETED,INTERNAL_MATCH,MOBILE_APP,False,
TX_7E0BF5565151,USR_03848,ETH,20260816,2026-08-16 13:38:04+05:30,DEPOSIT,,0.17526955,299183.2901,52437.72,0.0,52437.72,COMPLETED,IMPS,MOBILE_APP,False,
TX_4B76B408D3B3,USR_05950,ETH,20260816,2026-08-16 14:05:00+05:30,WITHDRAWAL,,0.1381242,322821.4829,44589.46,25.0,44564.46,COMPLETED,ON_CHAIN_TRANSFER,MOBILE_APP,False,
TX_82ADCB88D2E0,USR_05823,POL,20260816,2026-08-16 14:07:12+05:30,TRADE,BUY,1279.78457502,46.8098,59906.46,89.86,59996.32,COMPLETED,INTERNAL_MATCH,WEB_PORTAL,False,
TX_74ED329DAF61,USR_06989,BTC,20260816,2026-08-16 14:26:49+05:30,DEPOSIT,,0.06030567,7458864.2996,449811.81,0.0,449811.81,COMPLETED,IMPS,MOBILE_APP,False,
TX_5B086C7202F5,USR_00470,BTC,20260816,2026-08-16 14:27:53+05:30,TRADE,BUY,0.00711801,8048260.7125,57287.59,85.93,57373.52,COMPLETED,INTERNAL_MATCH,MOBILE_APP,False,
TX_FBCA82BB876C,USR_03400,ETH,20260816,2026-08-16 14:41:27+05:30,DEPOSIT,,0.09873438,292475.7344,28877.41,0.0,28877.41,COMPLETED,UPI,WEB_PORTAL,False,
TX_FD534DFE555D,USR_05619,ETH,20260816,2026-08-16 15:03:29+05:30,TRADE,BUY,0.02072051,302454.4822,6267.01,9.4,6276.41,COMPLETED,INTERNAL_MATCH,MOBILE_APP,False,
TX_94563E310C32,USR_01297,ETH,20260816,2026-08-16 15:09:51+05:30,DEPOSIT,,2.15465206,290384.9444,625678.52,0.0,625678.52,COMPLETED,UPI,API_KEY,False,
TX_FCB076ABC94C,USR_08520,BTC,20260816,2026-08-16 15:44:04+05:30,TRADE,BUY,0.07342424,7833850.4462,575194.49,460.16,575654.65,COMPLETED,INTERNAL_MATCH,API_KEY,False,
TX_EE1505C08E59,USR_07465,ETH,20260816,2026-08-16 15:55:35+05:30,DEPOSIT,,0.15893108,305883.4061,48614.38,0.0,48614.38,COMPLETED,IMPS,MOBILE_APP,False,
TX_27A70E83A7D9,USR_03144,USDT,20260816,2026-08-16 16:19:27+05:30,TRADE,SELL,5537.0322116,89.4181,495110.9,396.09,494714.81,COMPLETED,INTERNAL_MATCH,API_KEY,False,
TX_0ED46406EF15,USR_07063,SOL,20260816,2026-08-16 16:49:36+05:30,TRADE,SELL,2.36356082,16624.4802,39292.97,58.94,39234.03,COMPLETED,INTERNAL_MATCH,WEB_PORTAL,False,
TX_B806891A23B4,USR_08479,USDT,20260816,2026-08-16 17:12:44+05:30,WITHDRAWAL,,82.71456608,89.4736,7400.77,10.0,7390.77,COMPLETED,ON_CHAIN_TRANSFER,MOBILE_APP,False,
TX_26B1224CC9AB,USR_04152,SOL,20260816,2026-08-16 18:39:07+05:30,TRADE,SELL,0.45986934,15341.5098,7055.09,10.58,7044.51,COMPLETED,INTERNAL_MATCH,MOBILE_APP,False,
TX_3E2D8213E3E2,USR_09555,BTC,20260816,2026-08-16 18:44:21+05:30,TRADE,BUY,0.00422385,7773829.612,32835.48,49.25,32884.73,COMPLETED,INTERNAL_MATCH,MOBILE_APP,False,
